Unnamed: 0,호선,역코드,역명,AIRPRESSURE,CO2,HUMIDITY,PM10,PM2.5,TEMPERATURE,호선명,역번호,설치대수,제조사,모델명,적용면적,처리용량,Purifier_Need
0,1,151,시청,18,153,7,241,183,252,1호선,151,24,보성전자,BAS-ST9000A,197.4,25.6,Oversaturated
0,1,151,시청,18,153,7,241,183,252,1호선,151,24,보성전자,BAS-ST9000A,197.4,25.6,Oversaturated
0,1,151,시청,18,153,7,241,183,252,1호선,151,24,보성전자,BAS-ST9000A,197.4,25.6,Optimal
0,1,151,시청,18,153,7,241,183,252,1호선,151,24,보성전자,BAS-ST9000A,197.4,25.6,Optimal
1,1,151,시청,18,153,7,241,183,252,2호선,201,22,보성전자,BAS-ST9000A,197.4,25.6,Oversaturated
1,1,151,시청,18,153,7,241,183,252,2호선,201,22,보성전자,BAS-ST9000A,197.4,25.6,Oversaturated
1,1,151,시청,18,153,7,241,183,252,2호선,201,22,보성전자,BAS-ST9000A,197.4,25.6,Optimal
1,1,151,시청,18,153,7,241,183,252,2호선,201,22,보성전자,BAS-ST9000A,197.4,25.6,Optimal
2,2,201,시청,2,36,33,18,49,266,1호선,151,24,보성전자,BAS-ST9000A,197.4,25.6,Oversaturated
2,2,201,시청,2,36,33,18,49,266,1호선,151,24,보성전자,BAS-ST9000A,197.4,25.6,Oversaturated
2,2,201,시청,2,36,33,18,49,266,1호선,151,24,보성전자,BAS-ST9000A,197.4,25.6,Optimal
2,2,201,시청,2,36,33,18,49,266,1호선,151,24,보성전자,BAS-ST9000A,197.4,25.6,Optimal
3,2,201,시청,2,36,33,18,49,266,2호선,201,22,보성전자,BAS-ST9000A,197.4,25.6,Oversaturated
3,2,201,시청,2,36,33,18,49,266,2호선,201,22,보성전자,BAS-ST9000A,197.4,25.6,Oversaturated
3,2,201,시청,2,36,33,18,49,266,2호선,201,22,보성전자,BAS-ST9000A,197.4,25.6,Optimal
3,2,201,시청,2,36,33,18,49,266,2호선,201,22,보성전자,BAS-ST9000A,197.4,25.6,Optimal
4,1,152,종각,95,190,89,276,265,250,1호선,152,16,보성전자,BAS-ST9000A,197.4,25.6,Optimal
5,1,153,종로3가,126,137,25,251,244,125,1호선,153,24,보성전자,BAS-ST9000A,197.4,25.6,Oversaturated
5,1,153,종로3가,126,137,25,251,244,125,1호선,153,24,보성전자,BAS-ST9000A,197.4,25.6,Optimal
5,1,153,종로3가,126,137,25,251,244,125,1호선,153,24,보성전자,BAS-ST9000A,197.4,25.6,Oversaturated
5,1,153,종로3가,126,137,25,251,244,125,1호선,153,24,보성전자,BAS-ST9000A,197.4,25.6,Optimal
5,1,153,종로3가,126,137,25,251,244,125,1호선,153,24,보성전자,BAS-ST9000A,197.4,25.6,Additional Purifiers Needed
5,1,153,종로3가,126,137,25,251,244,125,1호선,153,24,보성전자,BAS-ST9000A,197.4,25.6,Optimal
5,1,153,종로3가,126,137,25,251,244,125,1호선,153,24,보성전자,BAS-ST9000A,197.4,25.6,Oversaturated
5,1,153,종로3가,126,137,25,251,244,125,1호선,153,24,보성전자,BAS-ST9000A,197.4,25.6,Optimal
5,1,153,종로3가,126,137,25,251,244,125,1호선,153,24,보성전자,BAS-ST9000A,197.4,25.6,Oversaturated
6,1,153,종로3가,126,137,25,251,244,125,3호선,319,14,보성전자,BAS-ST9000A,197.4,25.6,Oversaturated
6,1,153,종로3가,126,137,25,251,244,125,3호선,319,14,보성전자,BAS-ST9000A,197.4,25.6,Optimal
6,1,153,종로3가,126,137,25,251,244,125,3호선,319,14,보성전자,BAS-ST9000A,197.4,25.6,Oversaturated
6,1,153,종로3가,126,137,25,251,244,125,3호선,319,14,보성전자,BAS-ST9000A,197.4,25.6,Optimal
6,1,153,종로3가,126,137,25,251,244,125,3호선,319,14,보성전자,BAS-ST9000A,197.4,25.6,Additional Purifiers Needed
6,1,153,종로3가,126,137,25,251,244,125,3호선,319,14,보성전자,BAS-ST9000A,197.4,25.6,Optimal
6,1,153,종로3가,126,137,25,251,244,125,3호선,319,14,보성전자,BAS-ST9000A,197.4,25.6,Oversaturated
6,1,153,종로3가,126,137,25,251,244,125,3호선,319,14,보성전자,BAS-ST9000A,197.4,25.6,Optimal
6,1,153,종로3가,126,137,25,251,244,125,3호선,319,14,보성전자,BAS-ST9000A,197.4,25.6,Oversaturated
7,1,153,종로3가,126,137,25,251,244,125,5호선,2535,18,LG전자,AS480BWFB,168.3,20.0,Oversaturated
7,1,153,종로3가,126,137,25,251,244,125,5호선,2535,18,LG전자,AS480BWFB,168.3,20.0,Optimal
7,1,153,종로3가,126,137,25,251,244,125,5호선,2535,18,LG전자,AS480BWFB,168.3,20.0,Oversaturated
7,1,153,종로3가,126,137,25,251,244,125,5호선,2535,18,LG전자,AS480BWFB,168.3,20.0,Optimal
7,1,153,종로3가,126,137,25,251,244,125,5호선,2535,18,LG전자,AS480BWFB,168.3,20.0,Additional Purifiers Needed
7,1,153,종로3가,126,137,25,251,244,125,5호선,2535,18,LG전자,AS480BWFB,168.3,20.0,Optimal
7,1,153,종로3가,126,137,25,251,244,125,5호선,2535,18,LG전자,AS480BWFB,168.3,20.0,Oversaturated
7,1,153,종로3가,126,137,25,251,244,125,5호선,2535,18,LG전자,AS480BWFB,168.3,20.0,Optimal
7,1,153,종로3가,126,137,25,251,244,125,5호선,2535,18,LG전자,AS480BWFB,168.3,20.0,Oversaturated
8,3,319,종로3가,41,108,67,103,96,202,1호선,153,24,보성전자,BAS-ST9000A,197.4,25.6,Oversaturated
8,3,319,종로3가,41,108,67,103,96,202,1호선,153,24,보성전자,BAS-ST9000A,197.4,25.6,Optimal
8,3,319,종로3가,41,108,67,103,96,202,1호선,153,24,보성전자,BAS-ST9000A,197.4,25.6,Oversaturated
8,3,319,종로3가,41,108,67,103,96,202,1호선,153,24,보성전자,BAS-ST9000A,197.4,25.6,Optimal
8,3,319,종로3가,41,108,67,103,96,202,1호선,153,24,보성전자,BAS-ST9000A,197.4,25.6,Additional Purifiers Needed
8,3,319,종로3가,41,108,67,103,96,202,1호선,153,24,보성전자,BAS-ST9000A,197.4,25.6,Optimal
8,3,319,종로3가,41,108,67,103,96,202,1호선,153,24,보성전자,BAS-ST9000A,197.4,25.6,Oversaturated
8,3,319,종로3가,41,108,67,103,96,202,1호선,153,24,보성전자,BAS-ST9000A,197.4,25.6,Optimal
8,3,319,종로3가,41,108,67,103,96,202,1호선,153,24,보성전자,BAS-ST9000A,197.4,25.6,Oversaturated
9,3,319,종로3가,41,108,67,103,96,202,3호선,319,14,보성전자,BAS-ST9000A,197.4,25.6,Oversaturated
9,3,319,종로3가,41,108,67,103,96,202,3호선,319,14,보성전자,BAS-ST9000A,197.4,25.6,Optimal
9,3,319,종로3가,41,108,67,103,96,202,3호선,319,14,보성전자,BAS-ST9000A,197.4,25.6,Oversaturated
9,3,319,종로3가,41,108,67,103,96,202,3호선,319,14,보성전자,BAS-ST9000A,197.4,25.6,Optimal
9,3,319,종로3가,41,108,67,103,96,202,3호선,319,14,보성전자,BAS-ST9000A,197.4,25.6,Additional Purifiers Needed
9,3,319,종로3가,41,108,67,103,96,202,3호선,319,14,보성전자,BAS-ST9000A,197.4,25.6,Optimal
9,3,319,종로3가,41,108,67,103,96,202,3호선,319,14,보성전자,BAS-ST9000A,197.4,25.6,Oversaturated
9,3,319,종로3가,41,108,67,103,96,202,3호선,319,14,보성전자,BAS-ST9000A,197.4,25.6,Optimal
9,3,319,종로3가,41,108,67,103,96,202,3호선,319,14,보성전자,BAS-ST9000A,197.4,25.6,Oversaturated
10,3,319,종로3가,41,108,67,103,96,202,5호선,2535,18,LG전자,AS480BWFB,168.3,20.0,Oversaturated
10,3,319,종로3가,41,108,67,103,96,202,5호선,2535,18,LG전자,AS480BWFB,168.3,20.0,Optimal
10,3,319,종로3가,41,108,67,103,96,202,5호선,2535,18,LG전자,AS480BWFB,168.3,20.0,Oversaturated
10,3,319,종로3가,41,108,67,103,96,202,5호선,2535,18,LG전자,AS480BWFB,168.3,20.0,Optimal
10,3,319,종로3가,41,108,67,103,96,202,5호선,2535,18,LG전자,AS480BWFB,168.3,20.0,Additional Purifiers Needed
10,3,319,종로3가,41,108,67,103,96,202,5호선,2535,18,LG전자,AS480BWFB,168.3,20.0,Optimal
10,3,319,종로3가,41,108,67,103,96,202,5호선,2535,18,LG전자,AS480BWFB,168.3,20.0,Oversaturated
10,3,319,종로3가,41,108,67,103,96,202,5호선,2535,18,LG전자,AS480BWFB,168.3,20.0,Optimal
10,3,319,종로3가,41,108,67,103,96,202,5호선,2535,18,LG전자,AS480BWFB,168.3,20.0,Oversaturated
11,5,2535,종로3가,115,98,162,194,254,108,1호선,153,24,보성전자,BAS-ST9000A,197.4,25.6,Oversaturated
11,5,2535,종로3가,115,98,162,194,254,108,1호선,153,24,보성전자,BAS-ST9000A,197.4,25.6,Optimal
11,5,2535,종로3가,115,98,162,194,254,108,1호선,153,24,보성전자,BAS-ST9000A,197.4,25.6,Oversaturated
11,5,2535,종로3가,115,98,162,194,254,108,1호선,153,24,보성전자,BAS-ST9000A,197.4,25.6,Optimal
11,5,2535,종로3가,115,98,162,194,254,108,1호선,153,24,보성전자,BAS-ST9000A,197.4,25.6,Additional Purifiers Needed
11,5,2535,종로3가,115,98,162,194,254,108,1호선,153,24,보성전자,BAS-ST9000A,197.4,25.6,Optimal
11,5,2535,종로3가,115,98,162,194,254,108,1호선,153,24,보성전자,BAS-ST9000A,197.4,25.6,Oversaturated
11,5,2535,종로3가,115,98,162,194,254,108,1호선,153,24,보성전자,BAS-ST9000A,197.4,25.6,Optimal
11,5,2535,종로3가,115,98,162,194,254,108,1호선,153,24,보성전자,BAS-ST9000A,197.4,25.6,Oversaturated
12,5,2535,종로3가,115,98,162,194,254,108,3호선,319,14,보성전자,BAS-ST9000A,197.4,25.6,Oversaturated
12,5,2535,종로3가,115,98,162,194,254,108,3호선,319,14,보성전자,BAS-ST9000A,197.4,25.6,Optimal
12,5,2535,종로3가,115,98,162,194,254,108,3호선,319,14,보성전자,BAS-ST9000A,197.4,25.6,Oversaturated
12,5,2535,종로3가,115,98,162,194,254,108,3호선,319,14,보성전자,BAS-ST9000A,197.4,25.6,Optimal
12,5,2535,종로3가,115,98,162,194,254,108,3호선,319,14,보성전자,BAS-ST9000A,197.4,25.6,Additional Purifiers Needed
12,5,2535,종로3가,115,98,162,194,254,108,3호선,319,14,보성전자,BAS-ST9000A,197.4,25.6,Optimal
12,5,2535,종로3가,115,98,162,194,254,108,3호선,319,14,보성전자,BAS-ST9000A,197.4,25.6,Oversaturated
12,5,2535,종로3가,115,98,162,194,254,108,3호선,319,14,보성전자,BAS-ST9000A,197.4,25.6,Optimal
12,5,2535,종로3가,115,98,162,194,254,108,3호선,319,14,보성전자,BAS-ST9000A,197.4,25.6,Oversaturated
13,5,2535,종로3가,115,98,162,194,254,108,5호선,2535,18,LG전자,AS480BWFB,168.3,20.0,Oversaturated
13,5,2535,종로3가,115,98,162,194,254,108,5호선,2535,18,LG전자,AS480BWFB,168.3,20.0,Optimal
13,5,2535,종로3가,115,98,162,194,254,108,5호선,2535,18,LG전자,AS480BWFB,168.3,20.0,Oversaturated
13,5,2535,종로3가,115,98,162,194,254,108,5호선,2535,18,LG전자,AS480BWFB,168.3,20.0,Optimal
13,5,2535,종로3가,115,98,162,194,254,108,5호선,2535,18,LG전자,AS480BWFB,168.3,20.0,Additional Purifiers Needed
13,5,2535,종로3가,115,98,162,194,254,108,5호선,2535,18,LG전자,AS480BWFB,168.3,20.0,Optimal
13,5,2535,종로3가,115,98,162,194,254,108,5호선,2535,18,LG전자,AS480BWFB,168.3,20.0,Oversaturated
13,5,2535,종로3가,115,98,162,194,254,108,5호선,2535,18,LG전자,AS480BWFB,168.3,20.0,Optimal
13,5,2535,종로3가,115,98,162,194,254,108,5호선,2535,18,LG전자,AS480BWFB,168.3,20.0,Oversaturated
14,1,154,종로5가,5,185,11,256,246,272,1호선,154,18,보성전자,BAS-ST9000A,197.4,25.6,Oversaturated
15,1,155,동대문,64,120,62,277,276,263,1호선,155,16,보성전자,BAS-ST9000A,197.4,25.6,Optimal
15,1,155,동대문,64,120,62,277,276,263,1호선,155,16,보성전자,BAS-ST9000A,197.4,25.6,Optimal
15,1,155,동대문,64,120,62,277,276,263,1호선,155,16,보성전자,BAS-ST9000A,197.4,25.6,Optimal
15,1,155,동대문,64,120,62,277,276,263,1호선,155,16,보성전자,BAS-ST9000A,197.4,25.6,Optimal
16,1,155,동대문,64,120,62,277,276,263,4호선,421,16,보성전자,BAS-ST9000A,197.4,25.6,Optimal
16,1,155,동대문,64,120,62,277,276,263,4호선,421,16,보성전자,BAS-ST9000A,197.4,25.6,Optimal
16,1,155,동대문,64,120,62,277,276,263,4호선,421,16,보성전자,BAS-ST9000A,197.4,25.6,Optimal
16,1,155,동대문,64,120,62,277,276,263,4호선,421,16,보성전자,BAS-ST9000A,197.4,25.6,Optimal
17,4,421,동대문,202,273,102,263,205,209,1호선,155,16,보성전자,BAS-ST9000A,197.4,25.6,Optimal
17,4,421,동대문,202,273,102,263,205,209,1호선,155,16,보성전자,BAS-ST9000A,197.4,25.6,Optimal
17,4,421,동대문,202,273,102,263,205,209,1호선,155,16,보성전자,BAS-ST9000A,197.4,25.6,Optimal
17,4,421,동대문,202,273,102,263,205,209,1호선,155,16,보성전자,BAS-ST9000A,197.4,25.6,Optimal
18,4,421,동대문,202,273,102,263,205,209,4호선,421,16,보성전자,BAS-ST9000A,197.4,25.6,Optimal
18,4,421,동대문,202,273,102,263,205,209,4호선,421,16,보성전자,BAS-ST9000A,197.4,25.6,Optimal
18,4,421,동대문,202,273,102,263,205,209,4호선,421,16,보성전자,BAS-ST9000A,197.4,25.6,Optimal
18,4,421,동대문,202,273,102,263,205,209,4호선,421,16,보성전자,BAS-ST9000A,197.4,25.6,Optimal
19,1,156,신설동,15,264,4,233,218,247,1호선,156,22,보성전자,BAS-ST9000A,197.4,25.6,Oversaturated
19,1,156,신설동,15,264,4,233,218,247,1호선,156,22,보성전자,BAS-ST9000A,197.4,25.6,Optimal
19,1,156,신설동,15,264,4,233,218,247,1호선,156,22,보성전자,BAS-ST9000A,197.4,25.6,Optimal
19,1,156,신설동,15,264,4,233,218,247,1호선,156,22,보성전자,BAS-ST9000A,197.4,25.6,Additional Purifiers Needed
20,1,156,신설동,15,264,4,233,218,247,2호선,246,14,보성전자,BAS-ST9000A,197.4,25.6,Oversaturated
20,1,156,신설동,15,264,4,233,218,247,2호선,246,14,보성전자,BAS-ST9000A,197.4,25.6,Optimal
20,1,156,신설동,15,264,4,233,218,247,2호선,246,14,보성전자,BAS-ST9000A,197.4,25.6,Optimal
20,1,156,신설동,15,264,4,233,218,247,2호선,246,14,보성전자,BAS-ST9000A,197.4,25.6,Additional Purifiers Needed
21,2,246,신설동,71,274,108,21,39,124,1호선,156,22,보성전자,BAS-ST9000A,197.4,25.6,Oversaturated
21,2,246,신설동,71,274,108,21,39,124,1호선,156,22,보성전자,BAS-ST9000A,197.4,25.6,Optimal
21,2,246,신설동,71,274,108,21,39,124,1호선,156,22,보성전자,BAS-ST9000A,197.4,25.6,Optimal
21,2,246,신설동,71,274,108,21,39,124,1호선,156,22,보성전자,BAS-ST9000A,197.4,25.6,Additional Purifiers Needed
22,2,246,신설동,71,274,108,21,39,124,2호선,246,14,보성전자,BAS-ST9000A,197.4,25.6,Oversaturated
22,2,246,신설동,71,274,108,21,39,124,2호선,246,14,보성전자,BAS-ST9000A,197.4,25.6,Optimal
22,2,246,신설동,71,274,108,21,39,124,2호선,246,14,보성전자,BAS-ST9000A,197.4,25.6,Optimal
22,2,246,신설동,71,274,108,21,39,124,2호선,246,14,보성전자,BAS-ST9000A,197.4,25.6,Additional Purifiers Needed
23,1,157,제기동,201,207,154,246,222,66,1호선,157,20,보성전자,BAS-ST9000A,197.4,25.6,Oversaturated
24,1,158,청량리,110,131,75,150,203,163,1호선,158,14,보성전자,BAS-ST9000A,197.4,25.6,Optimal
25,1,159,동묘앞,25,159,9,45,48,243,1호선,159,26,보성전자,BAS-ST9000A,197.4,25.6,Optimal
25,1,159,동묘앞,25,159,9,45,48,243,1호선,159,26,보성전자,BAS-ST9000A,197.4,25.6,Optimal
25,1,159,동묘앞,25,159,9,45,48,243,1호선,159,26,보성전자,BAS-ST9000A,197.4,25.6,Optimal
25,1,159,동묘앞,25,159,9,45,48,243,1호선,159,26,보성전자,BAS-ST9000A,197.4,25.6,Optimal
26,1,159,동묘앞,25,159,9,45,48,243,6호선,2637,20,LG전자,AS480BWFB,168.3,20.0,Optimal
26,1,159,동묘앞,25,159,9,45,48,243,6호선,2637,20,LG전자,AS480BWFB,168.3,20.0,Optimal
26,1,159,동묘앞,25,159,9,45,48,243,6호선,2637,20,LG전자,AS480BWFB,168.3,20.0,Optimal
26,1,159,동묘앞,25,159,9,45,48,243,6호선,2637,20,LG전자,AS480BWFB,168.3,20.0,Optimal
27,6,2637,동묘앞,103,122,38,119,103,159,1호선,159,26,보성전자,BAS-ST9000A,197.4,25.6,Optimal
27,6,2637,동묘앞,103,122,38,119,103,159,1호선,159,26,보성전자,BAS-ST9000A,197.4,25.6,Optimal
27,6,2637,동묘앞,103,122,38,119,103,159,1호선,159,26,보성전자,BAS-ST9000A,197.4,25.6,Optimal
27,6,2637,동묘앞,103,122,38,119,103,159,1호선,159,26,보성전자,BAS-ST9000A,197.4,25.6,Optimal
28,6,2637,동묘앞,103,122,38,119,103,159,6호선,2637,20,LG전자,AS480BWFB,168.3,20.0,Optimal
28,6,2637,동묘앞,103,122,38,119,103,159,6호선,2637,20,LG전자,AS480BWFB,168.3,20.0,Optimal
28,6,2637,동묘앞,103,122,38,119,103,159,6호선,2637,20,LG전자,AS480BWFB,168.3,20.0,Optimal
28,6,2637,동묘앞,103,122,38,119,103,159,6호선,2637,20,LG전자,AS480BWFB,168.3,20.0,Optimal
29,2,202,을지로입구,87,154,65,204,145,191,2호선,202,16,보성전자,BAS-ST9000A,197.4,25.6,Optimal
30,2,203,을지로3가,47,276,13,221,180,248,2호선,203,16,보성전자,BAS-ST9000A,197.4,25.6,Optimal
30,2,203,을지로3가,47,276,13,221,180,248,2호선,203,16,보성전자,BAS-ST9000A,197.4,25.6,Optimal
30,2,203,을지로3가,47,276,13,221,180,248,2호선,203,16,보성전자,BAS-ST9000A,197.4,25.6,Optimal
30,2,203,을지로3가,47,276,13,221,180,248,2호선,203,16,보성전자,BAS-ST9000A,197.4,25.6,Optimal
31,2,203,을지로3가,47,276,13,221,180,248,3호선,320,14,보성전자,BAS-ST9000A,197.4,25.6,Optimal
31,2,203,을지로3가,47,276,13,221,180,248,3호선,320,14,보성전자,BAS-ST9000A,197.4,25.6,Optimal
31,2,203,을지로3가,47,276,13,221,180,248,3호선,320,14,보성전자,BAS-ST9000A,197.4,25.6,Optimal
31,2,203,을지로3가,47,276,13,221,180,248,3호선,320,14,보성전자,BAS-ST9000A,197.4,25.6,Optimal
32,3,320,을지로3가,63,267,182,175,64,226,2호선,203,16,보성전자,BAS-ST9000A,197.4,25.6,Optimal
32,3,320,을지로3가,63,267,182,175,64,226,2호선,203,16,보성전자,BAS-ST9000A,197.4,25.6,Optimal
32,3,320,을지로3가,63,267,182,175,64,226,2호선,203,16,보성전자,BAS-ST9000A,197.4,25.6,Optimal
32,3,320,을지로3가,63,267,182,175,64,226,2호선,203,16,보성전자,BAS-ST9000A,197.4,25.6,Optimal
33,3,320,을지로3가,63,267,182,175,64,226,3호선,320,14,보성전자,BAS-ST9000A,197.4,25.6,Optimal
33,3,320,을지로3가,63,267,182,175,64,226,3호선,320,14,보성전자,BAS-ST9000A,197.4,25.6,Optimal
33,3,320,을지로3가,63,267,182,175,64,226,3호선,320,14,보성전자,BAS-ST9000A,197.4,25.6,Optimal
33,3,320,을지로3가,63,267,182,175,64,226,3호선,320,14,보성전자,BAS-ST9000A,197.4,25.6,Optimal
34,2,204,을지로4가,166,105,134,176,200,73,2호선,204,16,보성전자,BAS-ST9000A,197.4,25.6,Optimal
34,2,204,을지로4가,166,105,134,176,200,73,2호선,204,16,보성전자,BAS-ST9000A,197.4,25.6,Optimal
34,2,204,을지로4가,166,105,134,176,200,73,2호선,204,16,보성전자,BAS-ST9000A,197.4,25.6,Additional Purifiers Needed
34,2,204,을지로4가,166,105,134,176,200,73,2호선,204,16,보성전자,BAS-ST9000A,197.4,25.6,Additional Purifiers Needed
35,2,204,을지로4가,166,105,134,176,200,73,5호선,2536,16,LG전자,AS480BWFB,168.3,20.0,Optimal
35,2,204,을지로4가,166,105,134,176,200,73,5호선,2536,16,LG전자,AS480BWFB,168.3,20.0,Optimal
35,2,204,을지로4가,166,105,134,176,200,73,5호선,2536,16,LG전자,AS480BWFB,168.3,20.0,Additional Purifiers Needed
35,2,204,을지로4가,166,105,134,176,200,73,5호선,2536,16,LG전자,AS480BWFB,168.3,20.0,Additional Purifiers Needed
36,5,2536,을지로4가,212,125,122,42,12,87,2호선,204,16,보성전자,BAS-ST9000A,197.4,25.6,Optimal
36,5,2536,을지로4가,212,125,122,42,12,87,2호선,204,16,보성전자,BAS-ST9000A,197.4,25.6,Optimal
36,5,2536,을지로4가,212,125,122,42,12,87,2호선,204,16,보성전자,BAS-ST9000A,197.4,25.6,Additional Purifiers Needed
36,5,2536,을지로4가,212,125,122,42,12,87,2호선,204,16,보성전자,BAS-ST9000A,197.4,25.6,Additional Purifiers Needed
37,5,2536,을지로4가,212,125,122,42,12,87,5호선,2536,16,LG전자,AS480BWFB,168.3,20.0,Optimal
37,5,2536,을지로4가,212,125,122,42,12,87,5호선,2536,16,LG전자,AS480BWFB,168.3,20.0,Optimal
37,5,2536,을지로4가,212,125,122,42,12,87,5호선,2536,16,LG전자,AS480BWFB,168.3,20.0,Additional Purifiers Needed
37,5,2536,을지로4가,212,125,122,42,12,87,5호선,2536,16,LG전자,AS480BWFB,168.3,20.0,Additional Purifiers Needed
38,2,205,동대문역사문화공원,66,236,18,56,13,232,2호선,205,14,보성전자,BAS-ST9000A,197.4,25.6,Additional Purifiers Needed
38,2,205,동대문역사문화공원,66,236,18,56,13,232,2호선,205,14,보성전자,BAS-ST9000A,197.4,25.6,Additional Purifiers Needed
38,2,205,동대문역사문화공원,66,236,18,56,13,232,2호선,205,14,보성전자,BAS-ST9000A,197.4,25.6,Optimal
38,2,205,동대문역사문화공원,66,236,18,56,13,232,2호선,205,14,보성전자,BAS-ST9000A,197.4,25.6,Additional Purifiers Needed
38,2,205,동대문역사문화공원,66,236,18,56,13,232,2호선,205,14,보성전자,BAS-ST9000A,197.4,25.6,Additional Purifiers Needed
38,2,205,동대문역사문화공원,66,236,18,56,13,232,2호선,205,14,보성전자,BAS-ST9000A,197.4,25.6,Optimal
38,2,205,동대문역사문화공원,66,236,18,56,13,232,2호선,205,14,보성전자,BAS-ST9000A,197.4,25.6,Optimal
38,2,205,동대문역사문화공원,66,236,18,56,13,232,2호선,205,14,보성전자,BAS-ST9000A,197.4,25.6,Optimal
38,2,205,동대문역사문화공원,66,236,18,56,13,232,2호선,205,14,보성전자,BAS-ST9000A,197.4,25.6,Oversaturated
39,2,205,동대문역사문화공원,66,236,18,56,13,232,4호선,422,16,보성전자,BAS-ST9000A,197.4,25.6,Additional Purifiers Needed
39,2,205,동대문역사문화공원,66,236,18,56,13,232,4호선,422,16,보성전자,BAS-ST9000A,197.4,25.6,Additional Purifiers Needed
39,2,205,동대문역사문화공원,66,236,18,56,13,232,4호선,422,16,보성전자,BAS-ST9000A,197.4,25.6,Optimal
39,2,205,동대문역사문화공원,66,236,18,56,13,232,4호선,422,16,보성전자,BAS-ST9000A,197.4,25.6,Additional Purifiers Needed
39,2,205,동대문역사문화공원,66,236,18,56,13,232,4호선,422,16,보성전자,BAS-ST9000A,197.4,25.6,Additional Purifiers Needed
39,2,205,동대문역사문화공원,66,236,18,56,13,232,4호선,422,16,보성전자,BAS-ST9000A,197.4,25.6,Optimal
39,2,205,동대문역사문화공원,66,236,18,56,13,232,4호선,422,16,보성전자,BAS-ST9000A,197.4,25.6,Optimal
39,2,205,동대문역사문화공원,66,236,18,56,13,232,4호선,422,16,보성전자,BAS-ST9000A,197.4,25.6,Optimal
39,2,205,동대문역사문화공원,66,236,18,56,13,232,4호선,422,16,보성전자,BAS-ST9000A,197.4,25.6,Oversaturated
40,2,205,동대문역사문화공원,66,236,18,56,13,232,5호선,2537,18,LG전자,AS480BWFB,168.3,20.0,Additional Purifiers Needed
40,2,205,동대문역사문화공원,66,236,18,56,13,232,5호선,2537,18,LG전자,AS480BWFB,168.3,20.0,Additional Purifiers Needed
40,2,205,동대문역사문화공원,66,236,18,56,13,232,5호선,2537,18,LG전자,AS480BWFB,168.3,20.0,Optimal
40,2,205,동대문역사문화공원,66,236,18,56,13,232,5호선,2537,18,LG전자,AS480BWFB,168.3,20.0,Additional Purifiers Needed
40,2,205,동대문역사문화공원,66,236,18,56,13,232,5호선,2537,18,LG전자,AS480BWFB,168.3,20.0,Additional Purifiers Needed
40,2,205,동대문역사문화공원,66,236,18,56,13,232,5호선,2537,18,LG전자,AS480BWFB,168.3,20.0,Optimal
40,2,205,동대문역사문화공원,66,236,18,56,13,232,5호선,2537,18,LG전자,AS480BWFB,168.3,20.0,Optimal
40,2,205,동대문역사문화공원,66,236,18,56,13,232,5호선,2537,18,LG전자,AS480BWFB,168.3,20.0,Optimal
40,2,205,동대문역사문화공원,66,236,18,56,13,232,5호선,2537,18,LG전자,AS480BWFB,168.3,20.0,Oversaturated
41,4,422,동대문역사문화공원,51,186,8,116,98,260,2호선,205,14,보성전자,BAS-ST9000A,197.4,25.6,Additional Purifiers Needed
41,4,422,동대문역사문화공원,51,186,8,116,98,260,2호선,205,14,보성전자,BAS-ST9000A,197.4,25.6,Additional Purifiers Needed
41,4,422,동대문역사문화공원,51,186,8,116,98,260,2호선,205,14,보성전자,BAS-ST9000A,197.4,25.6,Optimal
41,4,422,동대문역사문화공원,51,186,8,116,98,260,2호선,205,14,보성전자,BAS-ST9000A,197.4,25.6,Additional Purifiers Needed
41,4,422,동대문역사문화공원,51,186,8,116,98,260,2호선,205,14,보성전자,BAS-ST9000A,197.4,25.6,Additional Purifiers Needed
41,4,422,동대문역사문화공원,51,186,8,116,98,260,2호선,205,14,보성전자,BAS-ST9000A,197.4,25.6,Optimal
41,4,422,동대문역사문화공원,51,186,8,116,98,260,2호선,205,14,보성전자,BAS-ST9000A,197.4,25.6,Optimal
41,4,422,동대문역사문화공원,51,186,8,116,98,260,2호선,205,14,보성전자,BAS-ST9000A,197.4,25.6,Optimal
41,4,422,동대문역사문화공원,51,186,8,116,98,260,2호선,205,14,보성전자,BAS-ST9000A,197.4,25.6,Oversaturated
42,4,422,동대문역사문화공원,51,186,8,116,98,260,4호선,422,16,보성전자,BAS-ST9000A,197.4,25.6,Additional Purifiers Needed
42,4,422,동대문역사문화공원,51,186,8,116,98,260,4호선,422,16,보성전자,BAS-ST9000A,197.4,25.6,Additional Purifiers Needed
42,4,422,동대문역사문화공원,51,186,8,116,98,260,4호선,422,16,보성전자,BAS-ST9000A,197.4,25.6,Optimal
42,4,422,동대문역사문화공원,51,186,8,116,98,260,4호선,422,16,보성전자,BAS-ST9000A,197.4,25.6,Additional Purifiers Needed
42,4,422,동대문역사문화공원,51,186,8,116,98,260,4호선,422,16,보성전자,BAS-ST9000A,197.4,25.6,Additional Purifiers Needed
42,4,422,동대문역사문화공원,51,186,8,116,98,260,4호선,422,16,보성전자,BAS-ST9000A,197.4,25.6,Optimal
42,4,422,동대문역사문화공원,51,186,8,116,98,260,4호선,422,16,보성전자,BAS-ST9000A,197.4,25.6,Optimal
42,4,422,동대문역사문화공원,51,186,8,116,98,260,4호선,422,16,보성전자,BAS-ST9000A,197.4,25.6,Optimal
42,4,422,동대문역사문화공원,51,186,8,116,98,260,4호선,422,16,보성전자,BAS-ST9000A,197.4,25.6,Oversaturated
43,4,422,동대문역사문화공원,51,186,8,116,98,260,5호선,2537,18,LG전자,AS480BWFB,168.3,20.0,Additional Purifiers Needed
43,4,422,동대문역사문화공원,51,186,8,116,98,260,5호선,2537,18,LG전자,AS480BWFB,168.3,20.0,Additional Purifiers Needed
43,4,422,동대문역사문화공원,51,186,8,116,98,260,5호선,2537,18,LG전자,AS480BWFB,168.3,20.0,Optimal
43,4,422,동대문역사문화공원,51,186,8,116,98,260,5호선,2537,18,LG전자,AS480BWFB,168.3,20.0,Additional Purifiers Needed
43,4,422,동대문역사문화공원,51,186,8,116,98,260,5호선,2537,18,LG전자,AS480BWFB,168.3,20.0,Additional Purifiers Needed
43,4,422,동대문역사문화공원,51,186,8,116,98,260,5호선,2537,18,LG전자,AS480BWFB,168.3,20.0,Optimal
43,4,422,동대문역사문화공원,51,186,8,116,98,260,5호선,2537,18,LG전자,AS480BWFB,168.3,20.0,Optimal
43,4,422,동대문역사문화공원,51,186,8,116,98,260,5호선,2537,18,LG전자,AS480BWFB,168.3,20.0,Optimal
43,4,422,동대문역사문화공원,51,186,8,116,98,260,5호선,2537,18,LG전자,AS480BWFB,168.3,20.0,Oversaturated
44,5,2537,동대문역사문화공원,215,180,186,112,153,199,2호선,205,14,보성전자,BAS-ST9000A,197.4,25.6,Additional Purifiers Needed
44,5,2537,동대문역사문화공원,215,180,186,112,153,199,2호선,205,14,보성전자,BAS-ST9000A,197.4,25.6,Additional Purifiers Needed
44,5,2537,동대문역사문화공원,215,180,186,112,153,199,2호선,205,14,보성전자,BAS-ST9000A,197.4,25.6,Optimal
44,5,2537,동대문역사문화공원,215,180,186,112,153,199,2호선,205,14,보성전자,BAS-ST9000A,197.4,25.6,Additional Purifiers Needed
44,5,2537,동대문역사문화공원,215,180,186,112,153,199,2호선,205,14,보성전자,BAS-ST9000A,197.4,25.6,Additional Purifiers Needed
44,5,2537,동대문역사문화공원,215,180,186,112,153,199,2호선,205,14,보성전자,BAS-ST9000A,197.4,25.6,Optimal
44,5,2537,동대문역사문화공원,215,180,186,112,153,199,2호선,205,14,보성전자,BAS-ST9000A,197.4,25.6,Optimal
44,5,2537,동대문역사문화공원,215,180,186,112,153,199,2호선,205,14,보성전자,BAS-ST9000A,197.4,25.6,Optimal
44,5,2537,동대문역사문화공원,215,180,186,112,153,199,2호선,205,14,보성전자,BAS-ST9000A,197.4,25.6,Oversaturated
45,5,2537,동대문역사문화공원,215,180,186,112,153,199,4호선,422,16,보성전자,BAS-ST9000A,197.4,25.6,Additional Purifiers Needed
45,5,2537,동대문역사문화공원,215,180,186,112,153,199,4호선,422,16,보성전자,BAS-ST9000A,197.4,25.6,Additional Purifiers Needed
45,5,2537,동대문역사문화공원,215,180,186,112,153,199,4호선,422,16,보성전자,BAS-ST9000A,197.4,25.6,Optimal
45,5,2537,동대문역사문화공원,215,180,186,112,153,199,4호선,422,16,보성전자,BAS-ST9000A,197.4,25.6,Additional Purifiers Needed
45,5,2537,동대문역사문화공원,215,180,186,112,153,199,4호선,422,16,보성전자,BAS-ST9000A,197.4,25.6,Additional Purifiers Needed
45,5,2537,동대문역사문화공원,215,180,186,112,153,199,4호선,422,16,보성전자,BAS-ST9000A,197.4,25.6,Optimal
45,5,2537,동대문역사문화공원,215,180,186,112,153,199,4호선,422,16,보성전자,BAS-ST9000A,197.4,25.6,Optimal
45,5,2537,동대문역사문화공원,215,180,186,112,153,199,4호선,422,16,보성전자,BAS-ST9000A,197.4,25.6,Optimal
45,5,2537,동대문역사문화공원,215,180,186,112,153,199,4호선,422,16,보성전자,BAS-ST9000A,197.4,25.6,Oversaturated
46,5,2537,동대문역사문화공원,215,180,186,112,153,199,5호선,2537,18,LG전자,AS480BWFB,168.3,20.0,Additional Purifiers Needed
46,5,2537,동대문역사문화공원,215,180,186,112,153,199,5호선,2537,18,LG전자,AS480BWFB,168.3,20.0,Additional Purifiers Needed
46,5,2537,동대문역사문화공원,215,180,186,112,153,199,5호선,2537,18,LG전자,AS480BWFB,168.3,20.0,Optimal
46,5,2537,동대문역사문화공원,215,180,186,112,153,199,5호선,2537,18,LG전자,AS480BWFB,168.3,20.0,Additional Purifiers Needed
46,5,2537,동대문역사문화공원,215,180,186,112,153,199,5호선,2537,18,LG전자,AS480BWFB,168.3,20.0,Additional Purifiers Needed
46,5,2537,동대문역사문화공원,215,180,186,112,153,199,5호선,2537,18,LG전자,AS480BWFB,168.3,20.0,Optimal
46,5,2537,동대문역사문화공원,215,180,186,112,153,199,5호선,2537,18,LG전자,AS480BWFB,168.3,20.0,Optimal
46,5,2537,동대문역사문화공원,215,180,186,112,153,199,5호선,2537,18,LG전자,AS480BWFB,168.3,20.0,Optimal
46,5,2537,동대문역사문화공원,215,180,186,112,153,199,5호선,2537,18,LG전자,AS480BWFB,168.3,20.0,Oversaturated
47,2,206,신당,38,146,98,193,247,149,2호선,206,14,보성전자,BAS-ST9000A,197.4,25.6,Optimal
47,2,206,신당,38,146,98,193,247,149,2호선,206,14,보성전자,BAS-ST9000A,197.4,25.6,Oversaturated
47,2,206,신당,38,146,98,193,247,149,2호선,206,14,보성전자,BAS-ST9000A,197.4,25.6,Additional Purifiers Needed
47,2,206,신당,38,146,98,193,247,149,2호선,206,14,보성전자,BAS-ST9000A,197.4,25.6,Optimal
48,2,206,신당,38,146,98,193,247,149,6호선,2636,18,LG전자,AS480BWFB,168.3,20.0,Optimal
48,2,206,신당,38,146,98,193,247,149,6호선,2636,18,LG전자,AS480BWFB,168.3,20.0,Oversaturated
48,2,206,신당,38,146,98,193,247,149,6호선,2636,18,LG전자,AS480BWFB,168.3,20.0,Additional Purifiers Needed
48,2,206,신당,38,146,98,193,247,149,6호선,2636,18,LG전자,AS480BWFB,168.3,20.0,Optimal
49,6,2636,신당,227,101,158,57,63,79,2호선,206,14,보성전자,BAS-ST9000A,197.4,25.6,Optimal
49,6,2636,신당,227,101,158,57,63,79,2호선,206,14,보성전자,BAS-ST9000A,197.4,25.6,Oversaturated
49,6,2636,신당,227,101,158,57,63,79,2호선,206,14,보성전자,BAS-ST9000A,197.4,25.6,Additional Purifiers Needed
49,6,2636,신당,227,101,158,57,63,79,2호선,206,14,보성전자,BAS-ST9000A,197.4,25.6,Optimal
50,6,2636,신당,227,101,158,57,63,79,6호선,2636,18,LG전자,AS480BWFB,168.3,20.0,Optimal
50,6,2636,신당,227,101,158,57,63,79,6호선,2636,18,LG전자,AS480BWFB,168.3,20.0,Oversaturated
50,6,2636,신당,227,101,158,57,63,79,6호선,2636,18,LG전자,AS480BWFB,168.3,20.0,Additional Purifiers Needed
50,6,2636,신당,227,101,158,57,63,79,6호선,2636,18,LG전자,AS480BWFB,168.3,20.0,Optimal
51,2,207,상왕십리,62,110,45,174,167,190,2호선,207,14,보성전자,BAS-ST9000A,197.4,25.6,Additional Purifiers Needed
52,2,208,왕십리,58,156,48,114,74,148,2호선,208,18,보성전자,BAS-ST9000A,197.4,25.6,Optimal
52,2,208,왕십리,58,156,48,114,74,148,2호선,208,18,보성전자,BAS-ST9000A,197.4,25.6,Optimal
52,2,208,왕십리,58,156,48,114,74,148,2호선,208,18,보성전자,BAS-ST9000A,197.4,25.6,Optimal
52,2,208,왕십리,58,156,48,114,74,148,2호선,208,18,보성전자,BAS-ST9000A,197.4,25.6,Optimal
53,2,208,왕십리,58,156,48,114,74,148,5호선,2541,20,LG전자,AS480BWFB,168.3,20.0,Optimal
53,2,208,왕십리,58,156,48,114,74,148,5호선,2541,20,LG전자,AS480BWFB,168.3,20.0,Optimal
53,2,208,왕십리,58,156,48,114,74,148,5호선,2541,20,LG전자,AS480BWFB,168.3,20.0,Optimal
53,2,208,왕십리,58,156,48,114,74,148,5호선,2541,20,LG전자,AS480BWFB,168.3,20.0,Optimal
54,5,2541,왕십리,105,139,76,152,50,242,2호선,208,18,보성전자,BAS-ST9000A,197.4,25.6,Optimal
54,5,2541,왕십리,105,139,76,152,50,242,2호선,208,18,보성전자,BAS-ST9000A,197.4,25.6,Optimal
54,5,2541,왕십리,105,139,76,152,50,242,2호선,208,18,보성전자,BAS-ST9000A,197.4,25.6,Optimal
54,5,2541,왕십리,105,139,76,152,50,242,2호선,208,18,보성전자,BAS-ST9000A,197.4,25.6,Optimal
55,5,2541,왕십리,105,139,76,152,50,242,5호선,2541,20,LG전자,AS480BWFB,168.3,20.0,Optimal
55,5,2541,왕십리,105,139,76,152,50,242,5호선,2541,20,LG전자,AS480BWFB,168.3,20.0,Optimal
55,5,2541,왕십리,105,139,76,152,50,242,5호선,2541,20,LG전자,AS480BWFB,168.3,20.0,Optimal
55,5,2541,왕십리,105,139,76,152,50,242,5호선,2541,20,LG전자,AS480BWFB,168.3,20.0,Optimal
56,2,213,건대입구,269,196,261,171,236,13,7호선,2729,18,LG전자,AS480BWFB,168.3,20.0,Oversaturated
56,2,213,건대입구,269,196,261,171,236,13,7호선,2729,18,LG전자,AS480BWFB,168.3,20.0,Optimal
57,7,2729,건대입구,50,233,15,11,10,251,7호선,2729,18,LG전자,AS480BWFB,168.3,20.0,Oversaturated
57,7,2729,건대입구,50,233,15,11,10,251,7호선,2729,18,LG전자,AS480BWFB,168.3,20.0,Optimal
58,2,216,잠실,78,248,21,6,3,268,2호선,216,26,보성전자,BAS-ST9000A,197.4,25.6,Optimal
58,2,216,잠실,78,248,21,6,3,268,2호선,216,26,보성전자,BAS-ST9000A,197.4,25.6,Optimal
58,2,216,잠실,78,248,21,6,3,268,2호선,216,26,보성전자,BAS-ST9000A,197.4,25.6,Optimal
58,2,216,잠실,78,248,21,6,3,268,2호선,216,26,보성전자,BAS-ST9000A,197.4,25.6,Optimal
59,2,216,잠실,78,248,21,6,3,268,8호선,2815,18,보성전자,BAS-ST9000A,197.4,25.6,Optimal
59,2,216,잠실,78,248,21,6,3,268,8호선,2815,18,보성전자,BAS-ST9000A,197.4,25.6,Optimal
59,2,216,잠실,78,248,21,6,3,268,8호선,2815,18,보성전자,BAS-ST9000A,197.4,25.6,Optimal
59,2,216,잠실,78,248,21,6,3,268,8호선,2815,18,보성전자,BAS-ST9000A,197.4,25.6,Optimal
60,8,2815,잠실,222,178,147,34,78,114,2호선,216,26,보성전자,BAS-ST9000A,197.4,25.6,Optimal
60,8,2815,잠실,222,178,147,34,78,114,2호선,216,26,보성전자,BAS-ST9000A,197.4,25.6,Optimal
60,8,2815,잠실,222,178,147,34,78,114,2호선,216,26,보성전자,BAS-ST9000A,197.4,25.6,Optimal
60,8,2815,잠실,222,178,147,34,78,114,2호선,216,26,보성전자,BAS-ST9000A,197.4,25.6,Optimal
61,8,2815,잠실,222,178,147,34,78,114,8호선,2815,18,보성전자,BAS-ST9000A,197.4,25.6,Optimal
61,8,2815,잠실,222,178,147,34,78,114,8호선,2815,18,보성전자,BAS-ST9000A,197.4,25.6,Optimal
61,8,2815,잠실,222,178,147,34,78,114,8호선,2815,18,보성전자,BAS-ST9000A,197.4,25.6,Optimal
61,8,2815,잠실,222,178,147,34,78,114,8호선,2815,18,보성전자,BAS-ST9000A,197.4,25.6,Optimal
62,2,217,잠실새내,7,66,3,158,33,265,2호선,217,16,보성전자,BAS-ST9000A,197.4,25.6,Additional Purifiers Needed
63,2,218,종합운동장,130,256,69,41,36,140,2호선,218,28,보성전자,BAS-ST9000A,197.4,25.6,Optimal
64,2,219,삼성,140,257,42,237,192,194,2호선,219,14,보성전자,BAS-ST9000A,197.4,25.6,Optimal
65,2,220,선릉,13,222,47,76,34,270,2호선,220,16,보성전자,BAS-ST9000A,197.4,25.6,Additional Purifiers Needed
66,2,221,역삼,44,263,35,55,31,224,2호선,221,14,보성전자,BAS-ST9000A,197.4,25.6,Additional Purifiers Needed
67,2,222,강남,3,271,27,1,1,273,2호선,222,20,애니텍,AIAP-S TYPE,115.7,15.0,Optimal
68,2,223,교대,168,266,255,5,7,63,2호선,223,20,보성전자,BAS-ST9000A,197.4,25.6,Optimal
68,2,223,교대,168,266,255,5,7,63,2호선,223,20,보성전자,BAS-ST9000A,197.4,25.6,Additional Purifiers Needed
68,2,223,교대,168,266,255,5,7,63,2호선,223,20,보성전자,BAS-ST9000A,197.4,25.6,Optimal
68,2,223,교대,168,266,255,5,7,63,2호선,223,20,보성전자,BAS-ST9000A,197.4,25.6,Additional Purifiers Needed
69,2,223,교대,168,266,255,5,7,63,3호선,330,16,보성전자,BAS-ST9000A,197.4,25.6,Optimal
69,2,223,교대,168,266,255,5,7,63,3호선,330,16,보성전자,BAS-ST9000A,197.4,25.6,Additional Purifiers Needed
69,2,223,교대,168,266,255,5,7,63,3호선,330,16,보성전자,BAS-ST9000A,197.4,25.6,Optimal
69,2,223,교대,168,266,255,5,7,63,3호선,330,16,보성전자,BAS-ST9000A,197.4,25.6,Additional Purifiers Needed
70,3,330,교대,85,218,85,4,5,223,2호선,223,20,보성전자,BAS-ST9000A,197.4,25.6,Optimal
70,3,330,교대,85,218,85,4,5,223,2호선,223,20,보성전자,BAS-ST9000A,197.4,25.6,Additional Purifiers Needed
70,3,330,교대,85,218,85,4,5,223,2호선,223,20,보성전자,BAS-ST9000A,197.4,25.6,Optimal
70,3,330,교대,85,218,85,4,5,223,2호선,223,20,보성전자,BAS-ST9000A,197.4,25.6,Additional Purifiers Needed
71,3,330,교대,85,218,85,4,5,223,3호선,330,16,보성전자,BAS-ST9000A,197.4,25.6,Optimal
71,3,330,교대,85,218,85,4,5,223,3호선,330,16,보성전자,BAS-ST9000A,197.4,25.6,Additional Purifiers Needed
71,3,330,교대,85,218,85,4,5,223,3호선,330,16,보성전자,BAS-ST9000A,197.4,25.6,Optimal
71,3,330,교대,85,218,85,4,5,223,3호선,330,16,보성전자,BAS-ST9000A,197.4,25.6,Additional Purifiers Needed
72,2,224,서초,12,46,57,65,52,182,2호선,224,16,보성전자,BAS-ST9000A,197.4,25.6,Additional Purifiers Needed
73,2,225,방배,34,213,41,244,143,205,2호선,225,14,보성전자,BAS-ST9000A,197.4,25.6,Optimal
74,2,226,사당,152,235,94,10,17,193,2호선,226,30,보성전자,BAS-ST9000A,197.4,25.6,Optimal
74,2,226,사당,152,235,94,10,17,193,2호선,226,30,보성전자,BAS-ST9000A,197.4,25.6,Additional Purifiers Needed
74,2,226,사당,152,235,94,10,17,193,2호선,226,30,보성전자,BAS-ST9000A,197.4,25.6,Oversaturated
74,2,226,사당,152,235,94,10,17,193,2호선,226,30,보성전자,BAS-ST9000A,197.4,25.6,Optimal
75,2,226,사당,152,235,94,10,17,193,4호선,433,16,보성전자,BAS-ST9000A,197.4,25.6,Optimal
75,2,226,사당,152,235,94,10,17,193,4호선,433,16,보성전자,BAS-ST9000A,197.4,25.6,Additional Purifiers Needed
75,2,226,사당,152,235,94,10,17,193,4호선,433,16,보성전자,BAS-ST9000A,197.4,25.6,Oversaturated
75,2,226,사당,152,235,94,10,17,193,4호선,433,16,보성전자,BAS-ST9000A,197.4,25.6,Optimal
76,4,433,사당,189,241,71,258,274,213,2호선,226,30,보성전자,BAS-ST9000A,197.4,25.6,Optimal
76,4,433,사당,189,241,71,258,274,213,2호선,226,30,보성전자,BAS-ST9000A,197.4,25.6,Additional Purifiers Needed
76,4,433,사당,189,241,71,258,274,213,2호선,226,30,보성전자,BAS-ST9000A,197.4,25.6,Oversaturated
76,4,433,사당,189,241,71,258,274,213,2호선,226,30,보성전자,BAS-ST9000A,197.4,25.6,Optimal
77,4,433,사당,189,241,71,258,274,213,4호선,433,16,보성전자,BAS-ST9000A,197.4,25.6,Optimal
77,4,433,사당,189,241,71,258,274,213,4호선,433,16,보성전자,BAS-ST9000A,197.4,25.6,Additional Purifiers Needed
77,4,433,사당,189,241,71,258,274,213,4호선,433,16,보성전자,BAS-ST9000A,197.4,25.6,Oversaturated
77,4,433,사당,189,241,71,258,274,213,4호선,433,16,보성전자,BAS-ST9000A,197.4,25.6,Optimal
78,2,227,낙성대,26,240,26,191,73,255,2호선,227,14,보성전자,BAS-ST9000A,197.4,25.6,Additional Purifiers Needed
79,2,228,서울대입구,133,115,105,73,60,183,2호선,228,14,보성전자,BAS-ST9000A,197.4,25.6,Additional Purifiers Needed
80,2,229,봉천,165,251,141,153,204,137,2호선,229,14,보성전자,BAS-ST9000A,197.4,25.6,Optimal
81,2,230,신림,54,247,195,63,23,116,2호선,230,18,보성전자,BAS-ST9000A,197.4,25.6,Optimal
82,2,233,대림,145,177,244,205,248,42,7호선,2746,14,LG전자,AS480BWFB,168.3,20.0,Optimal
82,2,233,대림,145,177,244,205,248,42,7호선,2746,14,LG전자,AS480BWFB,168.3,20.0,Optimal
83,7,2746,대림,262,161,230,97,147,40,7호선,2746,14,LG전자,AS480BWFB,168.3,20.0,Optimal
83,7,2746,대림,262,161,230,97,147,40,7호선,2746,14,LG전자,AS480BWFB,168.3,20.0,Optimal
84,2,234,신도림,79,199,232,27,21,97,2호선,234,40,보성전자,BAS-ST9000A,197.4,25.6,Optimal
85,2,235,문래,35,243,58,118,130,161,2호선,235,16,보성전자,BAS-ST9000A,197.4,25.6,Additional Purifiers Needed
86,2,236,영등포구청,31,203,109,32,8,245,2호선,236,16,보성전자,BAS-ST9000A,197.4,25.6,Additional Purifiers Needed
86,2,236,영등포구청,31,203,109,32,8,245,2호선,236,16,보성전자,BAS-ST9000A,197.4,25.6,Optimal
86,2,236,영등포구청,31,203,109,32,8,245,2호선,236,16,보성전자,BAS-ST9000A,197.4,25.6,Additional Purifiers Needed
86,2,236,영등포구청,31,203,109,32,8,245,2호선,236,16,보성전자,BAS-ST9000A,197.4,25.6,Optimal
87,2,236,영등포구청,31,203,109,32,8,245,5호선,2524,18,보성전자,BAS-ST9000A,197.4,25.6,Additional Purifiers Needed
87,2,236,영등포구청,31,203,109,32,8,245,5호선,2524,18,보성전자,BAS-ST9000A,197.4,25.6,Optimal
87,2,236,영등포구청,31,203,109,32,8,245,5호선,2524,18,보성전자,BAS-ST9000A,197.4,25.6,Additional Purifiers Needed
87,2,236,영등포구청,31,203,109,32,8,245,5호선,2524,18,보성전자,BAS-ST9000A,197.4,25.6,Optimal
88,5,2524,영등포구청,261,73,140,36,102,85,2호선,236,16,보성전자,BAS-ST9000A,197.4,25.6,Additional Purifiers Needed
88,5,2524,영등포구청,261,73,140,36,102,85,2호선,236,16,보성전자,BAS-ST9000A,197.4,25.6,Optimal
88,5,2524,영등포구청,261,73,140,36,102,85,2호선,236,16,보성전자,BAS-ST9000A,197.4,25.6,Additional Purifiers Needed
88,5,2524,영등포구청,261,73,140,36,102,85,2호선,236,16,보성전자,BAS-ST9000A,197.4,25.6,Optimal
89,5,2524,영등포구청,261,73,140,36,102,85,5호선,2524,18,보성전자,BAS-ST9000A,197.4,25.6,Additional Purifiers Needed
89,5,2524,영등포구청,261,73,140,36,102,85,5호선,2524,18,보성전자,BAS-ST9000A,197.4,25.6,Optimal
89,5,2524,영등포구청,261,73,140,36,102,85,5호선,2524,18,보성전자,BAS-ST9000A,197.4,25.6,Additional Purifiers Needed
89,5,2524,영등포구청,261,73,140,36,102,85,5호선,2524,18,보성전자,BAS-ST9000A,197.4,25.6,Optimal
90,2,238,합정,24,216,6,121,66,277,2호선,238,26,보성전자,BAS-ST9000A,197.4,25.6,Optimal
90,2,238,합정,24,216,6,121,66,277,2호선,238,26,보성전자,BAS-ST9000A,197.4,25.6,Additional Purifiers Needed
90,2,238,합정,24,216,6,121,66,277,2호선,238,26,보성전자,BAS-ST9000A,197.4,25.6,Oversaturated
90,2,238,합정,24,216,6,121,66,277,2호선,238,26,보성전자,BAS-ST9000A,197.4,25.6,Optimal
91,2,238,합정,24,216,6,121,66,277,6호선,2623,16,LG전자,AS480BWFB,168.3,20.0,Optimal
91,2,238,합정,24,216,6,121,66,277,6호선,2623,16,LG전자,AS480BWFB,168.3,20.0,Additional Purifiers Needed
91,2,238,합정,24,216,6,121,66,277,6호선,2623,16,LG전자,AS480BWFB,168.3,20.0,Oversaturated
91,2,238,합정,24,216,6,121,66,277,6호선,2623,16,LG전자,AS480BWFB,168.3,20.0,Optimal
92,6,2623,합정,91,269,92,173,214,258,2호선,238,26,보성전자,BAS-ST9000A,197.4,25.6,Optimal
92,6,2623,합정,91,269,92,173,214,258,2호선,238,26,보성전자,BAS-ST9000A,197.4,25.6,Additional Purifiers Needed
92,6,2623,합정,91,269,92,173,214,258,2호선,238,26,보성전자,BAS-ST9000A,197.4,25.6,Oversaturated
92,6,2623,합정,91,269,92,173,214,258,2호선,238,26,보성전자,BAS-ST9000A,197.4,25.6,Optimal
93,6,2623,합정,91,269,92,173,214,258,6호선,2623,16,LG전자,AS480BWFB,168.3,20.0,Optimal
93,6,2623,합정,91,269,92,173,214,258,6호선,2623,16,LG전자,AS480BWFB,168.3,20.0,Additional Purifiers Needed
93,6,2623,합정,91,269,92,173,214,258,6호선,2623,16,LG전자,AS480BWFB,168.3,20.0,Oversaturated
93,6,2623,합정,91,269,92,173,214,258,6호선,2623,16,LG전자,AS480BWFB,168.3,20.0,Optimal
94,2,239,홍대입구,43,249,5,74,69,269,2호선,239,14,보성전자,BAS-ST9000A,197.4,25.6,Additional Purifiers Needed
95,2,240,신촌,207,194,99,89,53,133,2호선,240,14,보성전자,BAS-ST9000A,197.4,25.6,Additional Purifiers Needed
96,2,241,이대,29,14,259,269,264,151,2호선,241,14,보성전자,BAS-ST9000A,197.4,25.6,Optimal
97,2,242,아현,125,100,150,247,239,181,2호선,242,14,보성전자,BAS-ST9000A,197.4,25.6,Optimal
98,2,243,충정로,60,118,189,249,231,185,2호선,243,16,보성전자,BAS-ST9000A,197.4,25.6,Optimal
98,2,243,충정로,60,118,189,249,231,185,2호선,243,16,보성전자,BAS-ST9000A,197.4,25.6,Optimal
98,2,243,충정로,60,118,189,249,231,185,2호선,243,16,보성전자,BAS-ST9000A,197.4,25.6,Optimal
98,2,243,충정로,60,118,189,249,231,185,2호선,243,16,보성전자,BAS-ST9000A,197.4,25.6,Optimal
99,2,243,충정로,60,118,189,249,231,185,5호선,2532,14,LG전자,AS480BWFB,168.3,20.0,Optimal
99,2,243,충정로,60,118,189,249,231,185,5호선,2532,14,LG전자,AS480BWFB,168.3,20.0,Optimal
99,2,243,충정로,60,118,189,249,231,185,5호선,2532,14,LG전자,AS480BWFB,168.3,20.0,Optimal
99,2,243,충정로,60,118,189,249,231,185,5호선,2532,14,LG전자,AS480BWFB,168.3,20.0,Optimal
100,5,2532,충정로,211,94,159,228,181,145,2호선,243,16,보성전자,BAS-ST9000A,197.4,25.6,Optimal
100,5,2532,충정로,211,94,159,228,181,145,2호선,243,16,보성전자,BAS-ST9000A,197.4,25.6,Optimal
100,5,2532,충정로,211,94,159,228,181,145,2호선,243,16,보성전자,BAS-ST9000A,197.4,25.6,Optimal
100,5,2532,충정로,211,94,159,228,181,145,2호선,243,16,보성전자,BAS-ST9000A,197.4,25.6,Optimal
101,5,2532,충정로,211,94,159,228,181,145,5호선,2532,14,LG전자,AS480BWFB,168.3,20.0,Optimal
101,5,2532,충정로,211,94,159,228,181,145,5호선,2532,14,LG전자,AS480BWFB,168.3,20.0,Optimal
101,5,2532,충정로,211,94,159,228,181,145,5호선,2532,14,LG전자,AS480BWFB,168.3,20.0,Optimal
101,5,2532,충정로,211,94,159,228,181,145,5호선,2532,14,LG전자,AS480BWFB,168.3,20.0,Optimal
102,2,247,도림천,81,171,215,226,157,231,2호선,247,14,보성전자,BAS-ST9000A,197.4,25.6,Optimal
103,2,248,양천구청,183,49,221,209,210,110,2호선,248,18,보성전자,BAS-ST9000A,197.4,25.6,Oversaturated
104,2,249,신정네거리,67,35,152,163,126,169,2호선,249,14,보성전자,BAS-ST9000A,197.4,25.6,Additional Purifiers Needed
105,2,250,용두,167,168,252,54,163,14,2호선,250,20,보성전자,BAS-ST9000A,197.4,25.6,Oversaturated
106,3,310,구파발,146,189,178,144,146,131,3호선,310,14,보성전자,BAS-ST9000A,197.4,25.6,Optimal
107,3,311,연신내,176,92,202,125,57,80,3호선,311,14,보성전자,BAS-ST9000A,197.4,25.6,Additional Purifiers Needed
107,3,311,연신내,176,92,202,125,57,80,3호선,311,14,보성전자,BAS-ST9000A,197.4,25.6,Optimal
107,3,311,연신내,176,92,202,125,57,80,3호선,311,14,보성전자,BAS-ST9000A,197.4,25.6,Optimal
107,3,311,연신내,176,92,202,125,57,80,3호선,311,14,보성전자,BAS-ST9000A,197.4,25.6,Oversaturated
108,3,311,연신내,176,92,202,125,57,80,6호선,2615,20,LG전자,AS480BWFB,168.3,20.0,Additional Purifiers Needed
108,3,311,연신내,176,92,202,125,57,80,6호선,2615,20,LG전자,AS480BWFB,168.3,20.0,Optimal
108,3,311,연신내,176,92,202,125,57,80,6호선,2615,20,LG전자,AS480BWFB,168.3,20.0,Optimal
108,3,311,연신내,176,92,202,125,57,80,6호선,2615,20,LG전자,AS480BWFB,168.3,20.0,Oversaturated
109,6,2615,연신내,157,227,118,100,43,221,3호선,311,14,보성전자,BAS-ST9000A,197.4,25.6,Additional Purifiers Needed
109,6,2615,연신내,157,227,118,100,43,221,3호선,311,14,보성전자,BAS-ST9000A,197.4,25.6,Optimal
109,6,2615,연신내,157,227,118,100,43,221,3호선,311,14,보성전자,BAS-ST9000A,197.4,25.6,Optimal
109,6,2615,연신내,157,227,118,100,43,221,3호선,311,14,보성전자,BAS-ST9000A,197.4,25.6,Oversaturated
110,6,2615,연신내,157,227,118,100,43,221,6호선,2615,20,LG전자,AS480BWFB,168.3,20.0,Additional Purifiers Needed
110,6,2615,연신내,157,227,118,100,43,221,6호선,2615,20,LG전자,AS480BWFB,168.3,20.0,Optimal
110,6,2615,연신내,157,227,118,100,43,221,6호선,2615,20,LG전자,AS480BWFB,168.3,20.0,Optimal
110,6,2615,연신내,157,227,118,100,43,221,6호선,2615,20,LG전자,AS480BWFB,168.3,20.0,Oversaturated
111,3,312,불광,200,234,219,200,162,70,3호선,312,14,보성전자,BAS-ST9000A,197.4,25.6,Optimal
111,3,312,불광,200,234,219,200,162,70,3호선,312,14,보성전자,BAS-ST9000A,197.4,25.6,Optimal
111,3,312,불광,200,234,219,200,162,70,3호선,312,14,보성전자,BAS-ST9000A,197.4,25.6,Additional Purifiers Needed
111,3,312,불광,200,234,219,200,162,70,3호선,312,14,보성전자,BAS-ST9000A,197.4,25.6,Additional Purifiers Needed
112,3,312,불광,200,234,219,200,162,70,6호선,2613,14,보성전자,BAS-ST9000A,197.4,25.6,Optimal
112,3,312,불광,200,234,219,200,162,70,6호선,2613,14,보성전자,BAS-ST9000A,197.4,25.6,Optimal
112,3,312,불광,200,234,219,200,162,70,6호선,2613,14,보성전자,BAS-ST9000A,197.4,25.6,Additional Purifiers Needed
112,3,312,불광,200,234,219,200,162,70,6호선,2613,14,보성전자,BAS-ST9000A,197.4,25.6,Additional Purifiers Needed
113,6,2613,불광,36,93,144,134,159,144,3호선,312,14,보성전자,BAS-ST9000A,197.4,25.6,Optimal
113,6,2613,불광,36,93,144,134,159,144,3호선,312,14,보성전자,BAS-ST9000A,197.4,25.6,Optimal
113,6,2613,불광,36,93,144,134,159,144,3호선,312,14,보성전자,BAS-ST9000A,197.4,25.6,Additional Purifiers Needed
113,6,2613,불광,36,93,144,134,159,144,3호선,312,14,보성전자,BAS-ST9000A,197.4,25.6,Additional Purifiers Needed
114,6,2613,불광,36,93,144,134,159,144,6호선,2613,14,보성전자,BAS-ST9000A,197.4,25.6,Optimal
114,6,2613,불광,36,93,144,134,159,144,6호선,2613,14,보성전자,BAS-ST9000A,197.4,25.6,Optimal
114,6,2613,불광,36,93,144,134,159,144,6호선,2613,14,보성전자,BAS-ST9000A,197.4,25.6,Additional Purifiers Needed
114,6,2613,불광,36,93,144,134,159,144,6호선,2613,14,보성전자,BAS-ST9000A,197.4,25.6,Additional Purifiers Needed
115,3,313,녹번,98,119,240,133,132,52,3호선,313,14,보성전자,BAS-ST9000A,197.4,25.6,Additional Purifiers Needed
116,3,314,홍제,154,145,213,31,54,64,3호선,314,14,보성전자,BAS-ST9000A,197.4,25.6,Additional Purifiers Needed
117,3,315,무악재,37,252,205,253,128,98,3호선,315,14,보성전자,BAS-ST9000A,197.4,25.6,Optimal
118,3,316,독립문,74,22,167,82,91,122,3호선,316,14,보성전자,BAS-ST9000A,197.4,25.6,Additional Purifiers Needed
119,3,317,경복궁,82,53,70,78,65,196,3호선,317,18,보성전자,BAS-ST9000A,197.4,25.6,Optimal
120,3,318,안국,88,245,68,77,117,139,3호선,318,16,보성전자,BAS-ST9000A,197.4,25.6,Additional Purifiers Needed
121,3,321,충무로,97,230,115,239,250,261,3호선,321,24,보성전자,BAS-ST9000A,197.4,25.6,Oversaturated
121,3,321,충무로,97,230,115,239,250,261,3호선,321,24,보성전자,BAS-ST9000A,197.4,25.6,Optimal
121,3,321,충무로,97,230,115,239,250,261,3호선,321,24,보성전자,BAS-ST9000A,197.4,25.6,Optimal
121,3,321,충무로,97,230,115,239,250,261,3호선,321,24,보성전자,BAS-ST9000A,197.4,25.6,Additional Purifiers Needed
122,3,321,충무로,97,230,115,239,250,261,4호선,423,16,보성전자,BAS-ST9000A,197.4,25.6,Oversaturated
122,3,321,충무로,97,230,115,239,250,261,4호선,423,16,보성전자,BAS-ST9000A,197.4,25.6,Optimal
122,3,321,충무로,97,230,115,239,250,261,4호선,423,16,보성전자,BAS-ST9000A,197.4,25.6,Optimal
122,3,321,충무로,97,230,115,239,250,261,4호선,423,16,보성전자,BAS-ST9000A,197.4,25.6,Additional Purifiers Needed
123,4,423,충무로,11,184,32,93,24,256,3호선,321,24,보성전자,BAS-ST9000A,197.4,25.6,Oversaturated
123,4,423,충무로,11,184,32,93,24,256,3호선,321,24,보성전자,BAS-ST9000A,197.4,25.6,Optimal
123,4,423,충무로,11,184,32,93,24,256,3호선,321,24,보성전자,BAS-ST9000A,197.4,25.6,Optimal
123,4,423,충무로,11,184,32,93,24,256,3호선,321,24,보성전자,BAS-ST9000A,197.4,25.6,Additional Purifiers Needed
124,4,423,충무로,11,184,32,93,24,256,4호선,423,16,보성전자,BAS-ST9000A,197.4,25.6,Oversaturated
124,4,423,충무로,11,184,32,93,24,256,4호선,423,16,보성전자,BAS-ST9000A,197.4,25.6,Optimal
124,4,423,충무로,11,184,32,93,24,256,4호선,423,16,보성전자,BAS-ST9000A,197.4,25.6,Optimal
124,4,423,충무로,11,184,32,93,24,256,4호선,423,16,보성전자,BAS-ST9000A,197.4,25.6,Additional Purifiers Needed
125,3,322,동대입구,203,30,231,38,79,38,3호선,322,14,보성전자,BAS-ST9000A,197.4,25.6,Additional Purifiers Needed
126,3,323,약수,77,260,129,3,4,218,3호선,323,14,보성전자,BAS-ST9000A,197.4,25.6,Additional Purifiers Needed
126,3,323,약수,77,260,129,3,4,218,3호선,323,14,보성전자,BAS-ST9000A,197.4,25.6,Additional Purifiers Needed
126,3,323,약수,77,260,129,3,4,218,3호선,323,14,보성전자,BAS-ST9000A,197.4,25.6,Optimal
126,3,323,약수,77,260,129,3,4,218,3호선,323,14,보성전자,BAS-ST9000A,197.4,25.6,Optimal
127,3,323,약수,77,260,129,3,4,218,6호선,2634,16,LG전자,AS480BWFB,168.3,20.0,Additional Purifiers Needed
127,3,323,약수,77,260,129,3,4,218,6호선,2634,16,LG전자,AS480BWFB,168.3,20.0,Additional Purifiers Needed
127,3,323,약수,77,260,129,3,4,218,6호선,2634,16,LG전자,AS480BWFB,168.3,20.0,Optimal
127,3,323,약수,77,260,129,3,4,218,6호선,2634,16,LG전자,AS480BWFB,168.3,20.0,Optimal
128,6,2634,약수,260,112,223,138,176,31,3호선,323,14,보성전자,BAS-ST9000A,197.4,25.6,Additional Purifiers Needed
128,6,2634,약수,260,112,223,138,176,31,3호선,323,14,보성전자,BAS-ST9000A,197.4,25.6,Additional Purifiers Needed
128,6,2634,약수,260,112,223,138,176,31,3호선,323,14,보성전자,BAS-ST9000A,197.4,25.6,Optimal
128,6,2634,약수,260,112,223,138,176,31,3호선,323,14,보성전자,BAS-ST9000A,197.4,25.6,Optimal
129,6,2634,약수,260,112,223,138,176,31,6호선,2634,16,LG전자,AS480BWFB,168.3,20.0,Additional Purifiers Needed
129,6,2634,약수,260,112,223,138,176,31,6호선,2634,16,LG전자,AS480BWFB,168.3,20.0,Additional Purifiers Needed
129,6,2634,약수,260,112,223,138,176,31,6호선,2634,16,LG전자,AS480BWFB,168.3,20.0,Optimal
129,6,2634,약수,260,112,223,138,176,31,6호선,2634,16,LG전자,AS480BWFB,168.3,20.0,Optimal
130,3,324,금호,164,228,113,184,207,127,3호선,324,14,보성전자,BAS-ST9000A,197.4,25.6,Optimal
131,3,326,압구정,118,258,119,16,38,212,3호선,326,14,보성전자,BAS-ST9000A,197.4,25.6,Additional Purifiers Needed
132,3,327,신사,28,183,43,69,84,229,3호선,327,14,보성전자,BAS-ST9000A,197.4,25.6,Additional Purifiers Needed
133,3,328,잠원,258,192,184,99,136,68,3호선,328,14,보성전자,BAS-ST9000A,197.4,25.6,Optimal
134,3,329,고속터미널,23,2,83,2,2,274,3호선,329,24,보성전자,BAS-ST9000A,197.4,25.6,Optimal
134,3,329,고속터미널,23,2,83,2,2,274,3호선,329,24,보성전자,BAS-ST9000A,197.4,25.6,Optimal
134,3,329,고속터미널,23,2,83,2,2,274,3호선,329,24,보성전자,BAS-ST9000A,197.4,25.6,Optimal
134,3,329,고속터미널,23,2,83,2,2,274,3호선,329,24,보성전자,BAS-ST9000A,197.4,25.6,Optimal
135,3,329,고속터미널,23,2,83,2,2,274,7호선,2736,20,LG전자,AS480BWFB,168.3,20.0,Optimal
135,3,329,고속터미널,23,2,83,2,2,274,7호선,2736,20,LG전자,AS480BWFB,168.3,20.0,Optimal
135,3,329,고속터미널,23,2,83,2,2,274,7호선,2736,20,LG전자,AS480BWFB,168.3,20.0,Optimal
135,3,329,고속터미널,23,2,83,2,2,274,7호선,2736,20,LG전자,AS480BWFB,168.3,20.0,Optimal
136,7,2736,고속터미널,59,195,23,126,89,275,3호선,329,24,보성전자,BAS-ST9000A,197.4,25.6,Optimal
136,7,2736,고속터미널,59,195,23,126,89,275,3호선,329,24,보성전자,BAS-ST9000A,197.4,25.6,Optimal
136,7,2736,고속터미널,59,195,23,126,89,275,3호선,329,24,보성전자,BAS-ST9000A,197.4,25.6,Optimal
136,7,2736,고속터미널,59,195,23,126,89,275,3호선,329,24,보성전자,BAS-ST9000A,197.4,25.6,Optimal
137,7,2736,고속터미널,59,195,23,126,89,275,7호선,2736,20,LG전자,AS480BWFB,168.3,20.0,Optimal
137,7,2736,고속터미널,59,195,23,126,89,275,7호선,2736,20,LG전자,AS480BWFB,168.3,20.0,Optimal
137,7,2736,고속터미널,59,195,23,126,89,275,7호선,2736,20,LG전자,AS480BWFB,168.3,20.0,Optimal
137,7,2736,고속터미널,59,195,23,126,89,275,7호선,2736,20,LG전자,AS480BWFB,168.3,20.0,Optimal
138,3,331,남부터미널,174,106,149,71,144,135,3호선,331,14,보성전자,BAS-ST9000A,197.4,25.6,Additional Purifiers Needed
139,3,332,양재,113,132,227,12,14,89,3호선,332,14,보성전자,BAS-ST9000A,197.4,25.6,Additional Purifiers Needed
140,3,333,매봉,163,85,253,29,87,22,3호선,333,16,보성전자,BAS-ST9000A,197.4,25.6,Additional Purifiers Needed
141,3,334,도곡,235,229,168,94,88,155,3호선,334,22,보성전자,BAS-ST9000A,197.4,25.6,Oversaturated
142,3,335,대치,229,126,245,20,47,47,3호선,335,16,보성전자,BAS-ST9000A,197.4,25.6,Additional Purifiers Needed
143,3,336,학여울,259,148,238,179,238,53,3호선,336,18,보성전자,BAS-ST9000A,197.4,25.6,Oversaturated
144,3,337,대청,241,31,237,68,62,51,3호선,337,16,보성전자,BAS-ST9000A,197.4,25.6,Additional Purifiers Needed
145,3,338,일원,158,42,243,268,273,171,3호선,338,16,보성전자,BAS-ST9000A,197.4,25.6,Optimal
146,3,339,수서,159,165,222,186,165,123,3호선,339,18,보성전자,BAS-ST9000A,197.4,25.6,Oversaturated
147,3,340,가락시장,192,95,64,14,41,180,3호선,340,22,보성전자,BAS-ST9000A,197.4,25.6,Optimal
147,3,340,가락시장,192,95,64,14,41,180,3호선,340,22,보성전자,BAS-ST9000A,197.4,25.6,Optimal
147,3,340,가락시장,192,95,64,14,41,180,3호선,340,22,보성전자,BAS-ST9000A,197.4,25.6,Optimal
147,3,340,가락시장,192,95,64,14,41,180,3호선,340,22,보성전자,BAS-ST9000A,197.4,25.6,Optimal
148,3,340,가락시장,192,95,64,14,41,180,8호선,2818,18,LG전자,AS480BWFB,168.3,20.0,Optimal
148,3,340,가락시장,192,95,64,14,41,180,8호선,2818,18,LG전자,AS480BWFB,168.3,20.0,Optimal
148,3,340,가락시장,192,95,64,14,41,180,8호선,2818,18,LG전자,AS480BWFB,168.3,20.0,Optimal
148,3,340,가락시장,192,95,64,14,41,180,8호선,2818,18,LG전자,AS480BWFB,168.3,20.0,Optimal
149,8,2818,가락시장,83,75,39,177,226,214,3호선,340,22,보성전자,BAS-ST9000A,197.4,25.6,Optimal
149,8,2818,가락시장,83,75,39,177,226,214,3호선,340,22,보성전자,BAS-ST9000A,197.4,25.6,Optimal
149,8,2818,가락시장,83,75,39,177,226,214,3호선,340,22,보성전자,BAS-ST9000A,197.4,25.6,Optimal
149,8,2818,가락시장,83,75,39,177,226,214,3호선,340,22,보성전자,BAS-ST9000A,197.4,25.6,Optimal
150,8,2818,가락시장,83,75,39,177,226,214,8호선,2818,18,LG전자,AS480BWFB,168.3,20.0,Optimal
150,8,2818,가락시장,83,75,39,177,226,214,8호선,2818,18,LG전자,AS480BWFB,168.3,20.0,Optimal
150,8,2818,가락시장,83,75,39,177,226,214,8호선,2818,18,LG전자,AS480BWFB,168.3,20.0,Optimal
150,8,2818,가락시장,83,75,39,177,226,214,8호선,2818,18,LG전자,AS480BWFB,168.3,20.0,Optimal
151,3,341,경찰병원,108,136,72,64,92,211,3호선,341,16,보성전자,BAS-ST9000A,197.4,25.6,Additional Purifiers Needed
152,3,342,오금,247,60,121,19,86,50,3호선,342,14,보성전자,BAS-ST9000A,197.4,25.6,Additional Purifiers Needed
152,3,342,오금,247,60,121,19,86,50,3호선,342,14,보성전자,BAS-ST9000A,197.4,25.6,Additional Purifiers Needed
152,3,342,오금,247,60,121,19,86,50,3호선,342,14,보성전자,BAS-ST9000A,197.4,25.6,Optimal
152,3,342,오금,247,60,121,19,86,50,3호선,342,14,보성전자,BAS-ST9000A,197.4,25.6,Optimal
153,3,342,오금,247,60,121,19,86,50,5호선,2558,16,LG전자,AS480BWFB,168.3,20.0,Additional Purifiers Needed
153,3,342,오금,247,60,121,19,86,50,5호선,2558,16,LG전자,AS480BWFB,168.3,20.0,Additional Purifiers Needed
153,3,342,오금,247,60,121,19,86,50,5호선,2558,16,LG전자,AS480BWFB,168.3,20.0,Optimal
153,3,342,오금,247,60,121,19,86,50,5호선,2558,16,LG전자,AS480BWFB,168.3,20.0,Optimal
154,5,2558,오금,254,169,191,132,150,69,3호선,342,14,보성전자,BAS-ST9000A,197.4,25.6,Additional Purifiers Needed
154,5,2558,오금,254,169,191,132,150,69,3호선,342,14,보성전자,BAS-ST9000A,197.4,25.6,Additional Purifiers Needed
154,5,2558,오금,254,169,191,132,150,69,3호선,342,14,보성전자,BAS-ST9000A,197.4,25.6,Optimal
154,5,2558,오금,254,169,191,132,150,69,3호선,342,14,보성전자,BAS-ST9000A,197.4,25.6,Optimal
155,5,2558,오금,254,169,191,132,150,69,5호선,2558,16,LG전자,AS480BWFB,168.3,20.0,Additional Purifiers Needed
155,5,2558,오금,254,169,191,132,150,69,5호선,2558,16,LG전자,AS480BWFB,168.3,20.0,Additional Purifiers Needed
155,5,2558,오금,254,169,191,132,150,69,5호선,2558,16,LG전자,AS480BWFB,168.3,20.0,Optimal
155,5,2558,오금,254,169,191,132,150,69,5호선,2558,16,LG전자,AS480BWFB,168.3,20.0,Optimal
156,4,411,노원,238,69,234,242,245,17,7호선,2715,14,LG전자,AS480BWFB,168.3,20.0,Optimal
156,4,411,노원,238,69,234,242,245,17,7호선,2715,14,LG전자,AS480BWFB,168.3,20.0,Additional Purifiers Needed
157,7,2715,노원,128,57,137,135,15,126,7호선,2715,14,LG전자,AS480BWFB,168.3,20.0,Optimal
157,7,2715,노원,128,57,137,135,15,126,7호선,2715,14,LG전자,AS480BWFB,168.3,20.0,Additional Purifiers Needed
158,4,413,쌍문,185,209,111,232,235,75,4호선,413,14,보성전자,BAS-ST9000A,197.4,25.6,Optimal
159,4,414,수유,65,173,53,192,151,198,4호선,414,16,보성전자,BAS-ST9000A,197.4,25.6,Optimal
160,4,415,미아,122,32,22,272,272,164,4호선,415,14,보성전자,BAS-ST9000A,197.4,25.6,Optimal
161,4,416,미아사거리,22,103,135,222,139,204,4호선,416,16,보성전자,BAS-ST9000A,197.4,25.6,Optimal
162,4,417,길음,21,254,60,190,158,210,4호선,417,14,보성전자,BAS-ST9000A,197.4,25.6,Optimal
163,4,418,성신여대입구,55,138,19,211,166,254,4호선,418,16,보성전자,BAS-ST9000A,197.4,25.6,Optimal
164,4,419,한성대입구,16,226,95,274,271,178,4호선,419,14,보성전자,BAS-ST9000A,197.4,25.6,Optimal
165,4,420,혜화,127,133,51,243,197,207,4호선,420,14,보성전자,BAS-ST9000A,197.4,25.6,Optimal
166,4,424,명동,56,80,44,159,127,246,4호선,424,18,보성전자,BAS-ST9000A,197.4,25.6,Optimal
167,4,425,회현,27,87,30,267,270,239,4호선,425,16,보성전자,BAS-ST9000A,197.4,25.6,Optimal
168,4,427,숙대입구,177,238,56,22,28,100,4호선,427,14,보성전자,BAS-ST9000A,197.4,25.6,Additional Purifiers Needed
169,4,428,삼각지,268,135,198,59,93,48,4호선,428,16,보성전자,BAS-ST9000A,197.4,25.6,Additional Purifiers Needed
169,4,428,삼각지,268,135,198,59,93,48,4호선,428,16,보성전자,BAS-ST9000A,197.4,25.6,Additional Purifiers Needed
169,4,428,삼각지,268,135,198,59,93,48,4호선,428,16,보성전자,BAS-ST9000A,197.4,25.6,Additional Purifiers Needed
169,4,428,삼각지,268,135,198,59,93,48,4호선,428,16,보성전자,BAS-ST9000A,197.4,25.6,Additional Purifiers Needed
170,4,428,삼각지,268,135,198,59,93,48,6호선,2629,16,보성전자,BAS-ST9000A,197.4,25.6,Additional Purifiers Needed
170,4,428,삼각지,268,135,198,59,93,48,6호선,2629,16,보성전자,BAS-ST9000A,197.4,25.6,Additional Purifiers Needed
170,4,428,삼각지,268,135,198,59,93,48,6호선,2629,16,보성전자,BAS-ST9000A,197.4,25.6,Additional Purifiers Needed
170,4,428,삼각지,268,135,198,59,93,48,6호선,2629,16,보성전자,BAS-ST9000A,197.4,25.6,Additional Purifiers Needed
171,6,2629,삼각지,123,116,127,83,72,179,4호선,428,16,보성전자,BAS-ST9000A,197.4,25.6,Additional Purifiers Needed
171,6,2629,삼각지,123,116,127,83,72,179,4호선,428,16,보성전자,BAS-ST9000A,197.4,25.6,Additional Purifiers Needed
171,6,2629,삼각지,123,116,127,83,72,179,4호선,428,16,보성전자,BAS-ST9000A,197.4,25.6,Additional Purifiers Needed
171,6,2629,삼각지,123,116,127,83,72,179,4호선,428,16,보성전자,BAS-ST9000A,197.4,25.6,Additional Purifiers Needed
172,6,2629,삼각지,123,116,127,83,72,179,6호선,2629,16,보성전자,BAS-ST9000A,197.4,25.6,Additional Purifiers Needed
172,6,2629,삼각지,123,116,127,83,72,179,6호선,2629,16,보성전자,BAS-ST9000A,197.4,25.6,Additional Purifiers Needed
172,6,2629,삼각지,123,116,127,83,72,179,6호선,2629,16,보성전자,BAS-ST9000A,197.4,25.6,Additional Purifiers Needed
172,6,2629,삼각지,123,116,127,83,72,179,6호선,2629,16,보성전자,BAS-ST9000A,197.4,25.6,Additional Purifiers Needed
173,4,429,신용산,249,26,172,264,260,72,4호선,429,14,보성전자,BAS-ST9000A,197.4,25.6,Optimal
174,4,430,이촌,228,113,196,165,113,82,4호선,430,14,보성전자,BAS-ST9000A,197.4,25.6,Optimal
175,4,434,남태령,153,187,271,262,219,197,4호선,434,14,보성전자,BAS-ST9000A,197.4,25.6,Optimal
176,5,2511,방화,121,141,249,155,175,84,5호선,2511,16,보성전자,BAS-ST9000A,197.4,25.6,Optimal
177,5,2512,개화산,263,78,236,95,76,65,5호선,2512,14,보성전자,BAS-ST9000A,197.4,25.6,Additional Purifiers Needed
178,5,2513,김포공항,114,182,190,199,148,176,5호선,2513,18,보성전자,BAS-ST9000A,197.4,25.6,Oversaturated
179,5,2514,송정,240,89,145,146,160,150,5호선,2514,14,보성전자,BAS-ST9000A,197.4,25.6,Optimal
180,5,2515,마곡,272,197,260,96,104,23,5호선,2515,14,보성전자,BAS-ST9000A,197.4,25.6,Optimal
181,5,2516,발산,274,44,262,198,154,19,5호선,2516,16,LG전자,AS480BWFB,168.3,20.0,Optimal
182,5,2517,우장산,111,111,146,130,156,146,5호선,2517,14,LG전자,AS480BWFB,168.3,20.0,Additional Purifiers Needed
183,5,2518,화곡,217,242,204,213,179,62,5호선,2518,14,LG전자,AS480BWFB,168.3,20.0,Optimal
184,5,2519,까치산,148,96,74,122,107,240,5호선,2519,28,LG전자,AS480BWFB,168.3,20.0,Optimal
185,5,2520,신정,1,208,177,236,229,132,5호선,2520,14,LG전자,AS480BWFB,168.3,20.0,Optimal
186,5,2521,목동,195,147,235,139,220,61,5호선,2521,14,LG전자,AS480BWFB,168.3,20.0,Optimal
187,5,2522,오목교,213,172,163,250,262,201,5호선,2522,18,LG전자,AS480BWFB,168.3,20.0,Oversaturated
188,5,2523,양평,173,12,155,123,95,208,5호선,2523,14,보성전자,BAS-ST9000A,197.4,25.6,Additional Purifiers Needed
189,5,2525,영등포시장,209,6,173,270,269,259,5호선,2525,16,보성전자,BAS-ST9000A,197.4,25.6,Optimal
190,5,2526,신길,276,99,266,172,201,11,5호선,2526,20,LG전자,AS480BWFB,168.3,20.0,Oversaturated
191,5,2527,여의도,93,211,84,259,241,271,5호선,2527,16,LG전자,AS480BWFB,168.3,20.0,Optimal
192,5,2528,여의나루,92,225,185,164,114,170,5호선,2528,18,LG전자,AS480BWFB,168.3,20.0,Oversaturated
193,5,2529,마포,100,144,107,81,27,206,5호선,2529,14,LG전자,AS480BWFB,168.3,20.0,Additional Purifiers Needed
194,5,2530,공덕,124,175,114,109,110,142,5호선,2530,14,보성전자,BAS-ST9000A,197.4,25.6,Additional Purifiers Needed
194,5,2530,공덕,124,175,114,109,110,142,5호선,2530,14,보성전자,BAS-ST9000A,197.4,25.6,Optimal
194,5,2530,공덕,124,175,114,109,110,142,5호선,2530,14,보성전자,BAS-ST9000A,197.4,25.6,Optimal
194,5,2530,공덕,124,175,114,109,110,142,5호선,2530,14,보성전자,BAS-ST9000A,197.4,25.6,Oversaturated
195,5,2530,공덕,124,175,114,109,110,142,6호선,2627,26,LG전자,AS480BWFB,168.3,20.0,Additional Purifiers Needed
195,5,2530,공덕,124,175,114,109,110,142,6호선,2627,26,LG전자,AS480BWFB,168.3,20.0,Optimal
195,5,2530,공덕,124,175,114,109,110,142,6호선,2627,26,LG전자,AS480BWFB,168.3,20.0,Optimal
195,5,2530,공덕,124,175,114,109,110,142,6호선,2627,26,LG전자,AS480BWFB,168.3,20.0,Oversaturated
196,6,2627,공덕,53,123,10,188,221,262,5호선,2530,14,보성전자,BAS-ST9000A,197.4,25.6,Additional Purifiers Needed
196,6,2627,공덕,53,123,10,188,221,262,5호선,2530,14,보성전자,BAS-ST9000A,197.4,25.6,Optimal
196,6,2627,공덕,53,123,10,188,221,262,5호선,2530,14,보성전자,BAS-ST9000A,197.4,25.6,Optimal
196,6,2627,공덕,53,123,10,188,221,262,5호선,2530,14,보성전자,BAS-ST9000A,197.4,25.6,Oversaturated
197,6,2627,공덕,53,123,10,188,221,262,6호선,2627,26,LG전자,AS480BWFB,168.3,20.0,Additional Purifiers Needed
197,6,2627,공덕,53,123,10,188,221,262,6호선,2627,26,LG전자,AS480BWFB,168.3,20.0,Optimal
197,6,2627,공덕,53,123,10,188,221,262,6호선,2627,26,LG전자,AS480BWFB,168.3,20.0,Optimal
197,6,2627,공덕,53,123,10,188,221,262,6호선,2627,26,LG전자,AS480BWFB,168.3,20.0,Oversaturated
198,5,2531,애오개,89,114,50,271,268,253,5호선,2531,14,LG전자,AS480BWFB,168.3,20.0,Optimal
199,5,2533,서대문,72,64,175,208,177,99,5호선,2533,14,LG전자,AS480BWFB,168.3,20.0,Additional Purifiers Needed
200,5,2534,광화문,39,130,130,266,252,117,5호선,2534,14,LG전자,AS480BWFB,168.3,20.0,Optimal
201,5,2538,청구,196,157,174,48,20,105,5호선,2538,18,LG전자,AS480BWFB,168.3,20.0,Optimal
201,5,2538,청구,196,157,174,48,20,105,5호선,2538,18,LG전자,AS480BWFB,168.3,20.0,Additional Purifiers Needed
201,5,2538,청구,196,157,174,48,20,105,5호선,2538,18,LG전자,AS480BWFB,168.3,20.0,Oversaturated
201,5,2538,청구,196,157,174,48,20,105,5호선,2538,18,LG전자,AS480BWFB,168.3,20.0,Optimal
202,5,2538,청구,196,157,174,48,20,105,6호선,2635,16,LG전자,AS480BWFB,168.3,20.0,Optimal
202,5,2538,청구,196,157,174,48,20,105,6호선,2635,16,LG전자,AS480BWFB,168.3,20.0,Additional Purifiers Needed
202,5,2538,청구,196,157,174,48,20,105,6호선,2635,16,LG전자,AS480BWFB,168.3,20.0,Oversaturated
202,5,2538,청구,196,157,174,48,20,105,6호선,2635,16,LG전자,AS480BWFB,168.3,20.0,Optimal
203,6,2635,청구,106,277,225,86,129,30,5호선,2538,18,LG전자,AS480BWFB,168.3,20.0,Optimal
203,6,2635,청구,106,277,225,86,129,30,5호선,2538,18,LG전자,AS480BWFB,168.3,20.0,Additional Purifiers Needed
203,6,2635,청구,106,277,225,86,129,30,5호선,2538,18,LG전자,AS480BWFB,168.3,20.0,Oversaturated
203,6,2635,청구,106,277,225,86,129,30,5호선,2538,18,LG전자,AS480BWFB,168.3,20.0,Optimal
204,6,2635,청구,106,277,225,86,129,30,6호선,2635,16,LG전자,AS480BWFB,168.3,20.0,Optimal
204,6,2635,청구,106,277,225,86,129,30,6호선,2635,16,LG전자,AS480BWFB,168.3,20.0,Additional Purifiers Needed
204,6,2635,청구,106,277,225,86,129,30,6호선,2635,16,LG전자,AS480BWFB,168.3,20.0,Oversaturated
204,6,2635,청구,106,277,225,86,129,30,6호선,2635,16,LG전자,AS480BWFB,168.3,20.0,Optimal
205,5,2539,신금호,70,55,160,219,55,157,5호선,2539,18,LG전자,AS480BWFB,168.3,20.0,Optimal
206,5,2540,행당,119,33,164,67,164,60,5호선,2540,14,보성전자,BAS-ST9000A,197.4,25.6,Additional Purifiers Needed
207,5,2542,마장,242,54,233,215,217,27,5호선,2542,14,LG전자,AS480BWFB,168.3,20.0,Optimal
208,5,2543,답십리,273,18,214,49,51,37,5호선,2543,16,LG전자,AS480BWFB,168.3,20.0,Additional Purifiers Needed
209,5,2544,장한평,231,124,218,187,106,138,5호선,2544,16,LG전자,AS480BWFB,168.3,20.0,Optimal
210,5,2545,군자,49,121,28,131,125,257,5호선,2545,18,LG전자,AS480BWFB,168.3,20.0,Optimal
210,5,2545,군자,49,121,28,131,125,257,5호선,2545,18,LG전자,AS480BWFB,168.3,20.0,Additional Purifiers Needed
210,5,2545,군자,49,121,28,131,125,257,5호선,2545,18,LG전자,AS480BWFB,168.3,20.0,Optimal
210,5,2545,군자,49,121,28,131,125,257,5호선,2545,18,LG전자,AS480BWFB,168.3,20.0,Additional Purifiers Needed
211,5,2545,군자,49,121,28,131,125,257,7호선,2727,16,LG전자,AS480BWFB,168.3,20.0,Optimal
211,5,2545,군자,49,121,28,131,125,257,7호선,2727,16,LG전자,AS480BWFB,168.3,20.0,Additional Purifiers Needed
211,5,2545,군자,49,121,28,131,125,257,7호선,2727,16,LG전자,AS480BWFB,168.3,20.0,Optimal
211,5,2545,군자,49,121,28,131,125,257,7호선,2727,16,LG전자,AS480BWFB,168.3,20.0,Additional Purifiers Needed
212,7,2727,군자,191,166,96,75,42,172,5호선,2545,18,LG전자,AS480BWFB,168.3,20.0,Optimal
212,7,2727,군자,191,166,96,75,42,172,5호선,2545,18,LG전자,AS480BWFB,168.3,20.0,Additional Purifiers Needed
212,7,2727,군자,191,166,96,75,42,172,5호선,2545,18,LG전자,AS480BWFB,168.3,20.0,Optimal
212,7,2727,군자,191,166,96,75,42,172,5호선,2545,18,LG전자,AS480BWFB,168.3,20.0,Additional Purifiers Needed
213,7,2727,군자,191,166,96,75,42,172,7호선,2727,16,LG전자,AS480BWFB,168.3,20.0,Optimal
213,7,2727,군자,191,166,96,75,42,172,7호선,2727,16,LG전자,AS480BWFB,168.3,20.0,Additional Purifiers Needed
213,7,2727,군자,191,166,96,75,42,172,7호선,2727,16,LG전자,AS480BWFB,168.3,20.0,Optimal
213,7,2727,군자,191,166,96,75,42,172,7호선,2727,16,LG전자,AS480BWFB,168.3,20.0,Additional Purifiers Needed
214,5,2546,아차산,30,77,169,225,109,234,5호선,2546,14,LG전자,AS480BWFB,168.3,20.0,Optimal
215,5,2547,광나루,250,16,220,154,75,92,5호선,2547,14,보성전자,BAS-ST9000A,197.4,25.6,Additional Purifiers Needed
216,5,2548,천호,68,214,54,196,94,227,5호선,2548,20,LG전자,AS480BWFB,168.3,20.0,Oversaturated
216,5,2548,천호,68,214,54,196,94,227,5호선,2548,20,LG전자,AS480BWFB,168.3,20.0,Oversaturated
216,5,2548,천호,68,214,54,196,94,227,5호선,2548,20,LG전자,AS480BWFB,168.3,20.0,Optimal
216,5,2548,천호,68,214,54,196,94,227,5호선,2548,20,LG전자,AS480BWFB,168.3,20.0,Optimal
217,5,2548,천호,68,214,54,196,94,227,8호선,2812,18,LG전자,AS480BWFB,168.3,20.0,Oversaturated
217,5,2548,천호,68,214,54,196,94,227,8호선,2812,18,LG전자,AS480BWFB,168.3,20.0,Oversaturated
217,5,2548,천호,68,214,54,196,94,227,8호선,2812,18,LG전자,AS480BWFB,168.3,20.0,Optimal
217,5,2548,천호,68,214,54,196,94,227,8호선,2812,18,LG전자,AS480BWFB,168.3,20.0,Optimal
218,8,2812,천호,45,219,66,113,118,158,5호선,2548,20,LG전자,AS480BWFB,168.3,20.0,Oversaturated
218,8,2812,천호,45,219,66,113,118,158,5호선,2548,20,LG전자,AS480BWFB,168.3,20.0,Oversaturated
218,8,2812,천호,45,219,66,113,118,158,5호선,2548,20,LG전자,AS480BWFB,168.3,20.0,Optimal
218,8,2812,천호,45,219,66,113,118,158,5호선,2548,20,LG전자,AS480BWFB,168.3,20.0,Optimal
219,8,2812,천호,45,219,66,113,118,158,8호선,2812,18,LG전자,AS480BWFB,168.3,20.0,Oversaturated
219,8,2812,천호,45,219,66,113,118,158,8호선,2812,18,LG전자,AS480BWFB,168.3,20.0,Oversaturated
219,8,2812,천호,45,219,66,113,118,158,8호선,2812,18,LG전자,AS480BWFB,168.3,20.0,Optimal
219,8,2812,천호,45,219,66,113,118,158,8호선,2812,18,LG전자,AS480BWFB,168.3,20.0,Optimal
220,5,2549,강동,139,265,112,136,149,188,5호선,2549,20,LG전자,AS480BWFB,168.3,20.0,Oversaturated
221,5,2550,길동,208,167,188,90,142,71,5호선,2550,14,보성전자,BAS-ST9000A,197.4,25.6,Optimal
222,5,2551,굽은다리,214,15,217,15,46,35,5호선,2551,14,LG전자,AS480BWFB,168.3,20.0,Additional Purifiers Needed
223,5,2552,명일,143,232,88,128,82,156,5호선,2552,14,LG전자,AS480BWFB,168.3,20.0,Optimal
224,5,2553,고덕,184,1,269,80,116,16,5호선,2553,16,LG전자,AS480BWFB,168.3,20.0,Additional Purifiers Needed
225,5,2554,상일동,188,244,211,24,29,93,5호선,2554,18,LG전자,AS480BWFB,168.3,20.0,Optimal
226,5,2555,둔촌동,187,204,93,13,11,143,5호선,2555,14,LG전자,AS480BWFB,168.3,20.0,Additional Purifiers Needed
227,5,2556,올림픽공원,197,47,199,85,99,77,5호선,2556,14,LG전자,AS480BWFB,168.3,20.0,Additional Purifiers Needed
228,5,2557,방이,178,8,78,28,70,115,5호선,2557,14,LG전자,AS480BWFB,168.3,20.0,Additional Purifiers Needed
229,5,2559,개롱,204,158,247,39,81,25,5호선,2559,14,LG전자,AS480BWFB,168.3,20.0,Additional Purifiers Needed
230,5,2560,거여,149,39,212,43,97,36,5호선,2560,14,LG전자,AS480BWFB,168.3,20.0,Additional Purifiers Needed
231,5,2561,마천,19,140,40,120,44,236,5호선,2561,14,LG전자,AS480BWFB,168.3,20.0,Additional Purifiers Needed
232,6,2611,응암,73,163,77,127,193,192,6호선,2611,22,LG전자,AS480BWFB,168.3,20.0,Oversaturated
233,6,2612,역촌,271,151,229,52,80,39,6호선,2612,14,LG전자,AS480BWFB,168.3,20.0,Optimal
234,6,2614,독바위,120,45,106,151,100,217,6호선,2614,14,LG전자,AS480BWFB,168.3,20.0,Additional Purifiers Needed
235,6,2616,구산,236,38,206,231,233,59,6호선,2616,14,LG전자,AS480BWFB,168.3,20.0,Optimal
236,6,2617,새절,134,220,103,140,195,130,6호선,2617,16,LG전자,AS480BWFB,168.3,20.0,Optimal
237,6,2618,증산,194,52,136,252,223,129,6호선,2618,14,LG전자,AS480BWFB,168.3,20.0,Optimal
238,6,2619,디지털미디어시티,131,142,197,98,122,95,6호선,2619,22,LG전자,AS480BWFB,168.3,20.0,Optimal
239,6,2620,월드컵경기장,224,88,257,79,134,41,6호선,2620,22,LG전자,AS480BWFB,168.3,20.0,Oversaturated
240,6,2621,마포구청,151,224,156,261,258,111,6호선,2621,14,LG전자,AS480BWFB,168.3,20.0,Optimal
241,6,2622,망원,225,237,132,60,68,120,6호선,2622,18,LG전자,AS480BWFB,168.3,20.0,Oversaturated
242,6,2624,상수,172,202,79,66,71,167,6호선,2624,14,LG전자,AS480BWFB,168.3,20.0,Additional Purifiers Needed
243,6,2625,광흥창,233,61,86,185,227,141,6호선,2625,18,LG전자,AS480BWFB,168.3,20.0,Oversaturated
244,6,2626,대흥,86,188,61,189,184,225,6호선,2626,14,LG전자,AS480BWFB,168.3,20.0,Optimal
245,6,2628,효창공원앞,245,76,148,254,249,134,6호선,2628,16,보성전자,BAS-ST9000A,197.4,25.6,Optimal
246,6,2630,녹사평,112,7,29,217,215,230,6호선,2630,16,LG전자,AS480BWFB,168.3,20.0,Additional Purifiers Needed
247,6,2631,이태원,80,143,131,203,212,168,6호선,2631,16,보성전자,BAS-ST9000A,197.4,25.6,Optimal
248,6,2632,한강진,219,270,224,40,32,57,6호선,2632,16,보성전자,BAS-ST9000A,197.4,25.6,Optimal
249,6,2633,버티고개,76,3,87,275,275,237,6호선,2633,18,보성전자,BAS-ST9000A,197.4,25.6,Oversaturated
250,6,2638,창신,14,72,82,223,237,195,6호선,2638,14,LG전자,AS480BWFB,168.3,20.0,Optimal
251,6,2639,보문,232,164,179,101,138,56,6호선,2639,14,LG전자,AS480BWFB,168.3,20.0,Optimal
252,6,2640,안암,142,50,91,9,18,107,6호선,2640,16,LG전자,AS480BWFB,168.3,20.0,Additional Purifiers Needed
253,6,2641,고려대,181,48,187,23,61,44,6호선,2641,16,LG전자,AS480BWFB,168.3,20.0,Additional Purifiers Needed
254,6,2642,월곡,179,86,24,44,26,177,6호선,2642,14,LG전자,AS480BWFB,168.3,20.0,Additional Purifiers Needed
255,6,2643,상월곡,137,5,139,148,191,54,6호선,2643,16,LG전자,AS480BWFB,168.3,20.0,Additional Purifiers Needed
256,6,2644,돌곶이,156,149,203,72,120,33,6호선,2644,16,LG전자,AS480BWFB,168.3,20.0,Additional Purifiers Needed
257,6,2645,석계,99,23,100,84,83,91,6호선,2645,16,LG전자,AS480BWFB,168.3,20.0,Additional Purifiers Needed
258,6,2646,태릉입구,180,261,165,25,19,106,6호선,2646,20,LG전자,AS480BWFB,168.3,20.0,Optimal
258,6,2646,태릉입구,180,261,165,25,19,106,6호선,2646,20,LG전자,AS480BWFB,168.3,20.0,Optimal
258,6,2646,태릉입구,180,261,165,25,19,106,6호선,2646,20,LG전자,AS480BWFB,168.3,20.0,Optimal
258,6,2646,태릉입구,180,261,165,25,19,106,6호선,2646,20,LG전자,AS480BWFB,168.3,20.0,Optimal
259,6,2646,태릉입구,180,261,165,25,19,106,7호선,2719,18,LG전자,AS480BWFB,168.3,20.0,Optimal
259,6,2646,태릉입구,180,261,165,25,19,106,7호선,2719,18,LG전자,AS480BWFB,168.3,20.0,Optimal
259,6,2646,태릉입구,180,261,165,25,19,106,7호선,2719,18,LG전자,AS480BWFB,168.3,20.0,Optimal
259,6,2646,태릉입구,180,261,165,25,19,106,7호선,2719,18,LG전자,AS480BWFB,168.3,20.0,Optimal
260,7,2719,태릉입구,198,170,31,35,37,147,6호선,2646,20,LG전자,AS480BWFB,168.3,20.0,Optimal
260,7,2719,태릉입구,198,170,31,35,37,147,6호선,2646,20,LG전자,AS480BWFB,168.3,20.0,Optimal
260,7,2719,태릉입구,198,170,31,35,37,147,6호선,2646,20,LG전자,AS480BWFB,168.3,20.0,Optimal
260,7,2719,태릉입구,198,170,31,35,37,147,6호선,2646,20,LG전자,AS480BWFB,168.3,20.0,Optimal
261,7,2719,태릉입구,198,170,31,35,37,147,7호선,2719,18,LG전자,AS480BWFB,168.3,20.0,Optimal
261,7,2719,태릉입구,198,170,31,35,37,147,7호선,2719,18,LG전자,AS480BWFB,168.3,20.0,Optimal
261,7,2719,태릉입구,198,170,31,35,37,147,7호선,2719,18,LG전자,AS480BWFB,168.3,20.0,Optimal
261,7,2719,태릉입구,198,170,31,35,37,147,7호선,2719,18,LG전자,AS480BWFB,168.3,20.0,Optimal
262,6,2647,화랑대,237,109,210,170,101,46,6호선,2647,18,LG전자,AS480BWFB,168.3,20.0,Oversaturated
263,6,2648,봉화산,107,29,143,50,121,78,6호선,2648,18,LG전자,AS480BWFB,168.3,20.0,Optimal
264,7,2713,수락산,147,28,55,229,135,154,7호선,2713,20,LG전자,AS480BWFB,168.3,20.0,Optimal
265,7,2714,마들,226,68,200,248,256,67,7호선,2714,14,LG전자,AS480BWFB,168.3,20.0,Optimal
266,7,2716,중계,210,24,183,207,171,88,7호선,2716,16,보성전자,BAS-ST9000A,197.4,25.6,Optimal
267,7,2717,하계,244,155,194,157,123,76,7호선,2717,14,LG전자,AS480BWFB,168.3,20.0,Optimal
268,7,2718,공릉,90,90,161,218,188,153,7호선,2718,16,보성전자,BAS-ST9000A,197.4,25.6,Optimal
269,7,2720,먹골,150,41,120,181,185,96,7호선,2720,16,LG전자,AS480BWFB,168.3,20.0,Additional Purifiers Needed
270,7,2721,중화,206,84,46,124,133,173,7호선,2721,14,LG전자,AS480BWFB,168.3,20.0,Additional Purifiers Needed
271,7,2722,상봉,175,198,157,102,141,102,7호선,2722,14,LG전자,AS480BWFB,168.3,20.0,Optimal
272,7,2723,면목,223,193,97,30,35,103,7호선,2723,14,LG전자,AS480BWFB,168.3,20.0,Additional Purifiers Needed
273,7,2724,사가정,239,19,110,92,85,113,7호선,2724,14,LG전자,AS480BWFB,168.3,20.0,Additional Purifiers Needed
274,7,2725,용마산,75,81,14,245,225,249,7호선,2725,14,LG전자,AS480BWFB,168.3,20.0,Optimal
275,7,2726,중곡,251,62,192,273,277,49,7호선,2726,14,LG전자,AS480BWFB,168.3,20.0,Optimal
276,7,2728,어린이대공원,116,102,180,182,169,109,7호선,2728,16,LG전자,AS480BWFB,168.3,20.0,Optimal
277,7,2731,청담,171,9,207,37,30,90,7호선,2731,16,LG전자,AS480BWFB,168.3,20.0,Additional Purifiers Needed
278,7,2732,강남구청,4,162,59,230,199,264,7호선,2732,16,LG전자,AS480BWFB,168.3,20.0,Optimal
279,7,2733,학동,190,67,216,61,58,45,7호선,2733,16,LG전자,AS480BWFB,168.3,20.0,Additional Purifiers Needed
280,7,2734,논현,42,255,116,178,124,216,7호선,2734,16,보성전자,BAS-ST9000A,197.4,25.6,Optimal
281,7,2735,반포,94,206,81,17,45,200,7호선,2735,14,LG전자,AS480BWFB,168.3,20.0,Additional Purifiers Needed
282,7,2737,내방,101,127,16,255,234,228,7호선,2737,14,LG전자,AS480BWFB,168.3,20.0,Optimal
283,7,2739,남성,234,83,80,227,261,136,7호선,2739,14,LG전자,AS480BWFB,168.3,20.0,Optimal
284,7,2740,숭실대입구,40,176,133,260,259,222,7호선,2740,14,LG전자,AS480BWFB,168.3,20.0,Optimal
285,7,2741,상도,10,79,73,108,115,174,7호선,2741,14,LG전자,AS480BWFB,168.3,20.0,Additional Purifiers Needed
286,7,2742,장승배기,205,59,128,87,56,112,7호선,2742,14,LG전자,AS480BWFB,168.3,20.0,Additional Purifiers Needed
287,7,2743,신대방삼거리,132,10,176,234,196,81,7호선,2743,14,LG전자,AS480BWFB,168.3,20.0,Optimal
288,7,2744,보라매,255,231,209,214,224,55,7호선,2744,14,LG전자,AS480BWFB,168.3,20.0,Optimal
289,7,2745,신풍,186,205,124,257,266,119,7호선,2745,18,보성전자,BAS-ST9000A,197.4,25.6,Oversaturated
290,7,2747,남구로,160,215,153,58,16,235,7호선,2747,14,LG전자,AS480BWFB,168.3,20.0,Optimal
291,7,2748,가산디지털단지,248,221,241,115,90,94,7호선,2748,16,보성전자,BAS-ST9000A,197.4,25.6,Optimal
292,7,2749,철산,136,200,208,105,59,83,7호선,2749,14,LG전자,AS480BWFB,168.3,20.0,Additional Purifiers Needed
293,7,2750,광명사거리,218,97,226,195,211,74,7호선,2750,16,LG전자,AS480BWFB,168.3,20.0,Optimal
294,7,2751,천왕,267,174,274,168,182,29,7호선,2751,14,보성전자,BAS-ST9000A,197.4,25.6,Optimal
295,7,2752,온수,161,246,258,129,173,32,7호선,2752,20,LG전자,AS480BWFB,168.3,20.0,Oversaturated
296,8,2811,암사,230,201,201,47,119,58,8호선,2811,14,LG전자,AS480BWFB,168.3,20.0,Optimal
297,8,2813,강동구청,138,70,170,110,105,86,8호선,2813,14,LG전자,AS480BWFB,168.3,20.0,Additional Purifiers Needed
298,8,2814,몽촌토성,220,11,126,111,155,118,8호선,2814,14,LG전자,AS480BWFB,168.3,20.0,Additional Purifiers Needed
299,8,2816,석촌,46,253,34,156,131,241,8호선,2816,18,LG전자,AS480BWFB,168.3,20.0,Oversaturated
300,8,2817,송파,69,63,17,106,161,203,8호선,2817,14,LG전자,AS480BWFB,168.3,20.0,Additional Purifiers Needed
301,8,2819,문정,84,104,101,160,168,186,8호선,2819,18,LG전자,AS480BWFB,168.3,20.0,Optimal
302,8,2820,장지,182,91,123,51,111,121,8호선,2820,14,LG전자,AS480BWFB,168.3,20.0,Additional Purifiers Needed
303,8,2821,복정,169,262,166,265,152,215,8호선,2821,18,LG전자,AS480BWFB,168.3,20.0,Oversaturated
304,8,2822,산성,8,37,193,180,174,128,8호선,2822,16,LG전자,AS480BWFB,168.3,20.0,Additional Purifiers Needed
305,8,2823,남한산성입구,9,4,117,91,67,165,8호선,2823,14,보성전자,BAS-ST9000A,197.4,25.6,Additional Purifiers Needed
306,8,2824,단대오거리,17,128,36,8,9,189,8호선,2824,14,LG전자,AS480BWFB,168.3,20.0,Additional Purifiers Needed
307,8,2825,신흥,6,212,1,137,140,276,8호선,2825,14,LG전자,AS480BWFB,168.3,20.0,Additional Purifiers Needed
308,8,2826,수진,32,117,52,166,170,244,8호선,2826,14,LG전자,AS480BWFB,168.3,20.0,Additional Purifiers Needed
309,8,2827,모란,135,65,63,70,108,166,8호선,2827,16,LG전자,AS480BWFB,168.3,20.0,Additional Purifiers Needed
